tree
version=v4
num_class=1
num_tree_per_iteration=1
label_index=0
max_feature_idx=11
objective=regression
feature_names=Open High Low Volume Close_lag1 Close_lag2 Close_lag3 day_of_week month year MarketCap MarketCap_lag1
feature_infos=[68.5:1277.4300000000001] [74.560000000000002:1279.4000000000001] [65.530000000000001:1264.5999999999999] [0:229057000] [68.430000000000007:1274.99] [68.430000000000007:1274.99] [68.430000000000007:1274.99] [0:6] [1:12] [2013:2017] [779255000:20688800000] [779255000:20688800000]
tree_sizes=2571 2607 2600 2594 2601 2595 2595 2601 2592 2600 2611 2590 2610 2596 2607 2605 2604 2610 2612 2598 2596 2596 2613 2624 2621 2635 2637 2648 2628 2640 2644 2650 2646 2662 2652 2654 2648 2671 2667 2675 2660 2667 2672 2664 2669 2666 2668 2681 2679 2694 2683 2690 2681 2722 2692 2714 2716 2723 2698 2719 2726 2715 2723 2714 2734 2711 2729 2714 2708 2742 2727 2727 2720 2724 2716 2730 2742 2708 2704 2738 2721 2742 2715 2734 2724 2710 2724 2714 2743 2750 2734 2751 2739 2721 2723 2737 2737 2748 2738 2730

Tree=0
num_leaves=31
num_cat=0
split_feature=1 2 1 2 5 2 1 5 1 1 2 1 1 2 1 1 0 2 2 2 2 1 2 1 11 3 2 1 1 2
split_gain=5.29229e+07 9.50305e+06 8.39053e+06 1.54845e+06 1.4711e+06 1.10505e+06 718019 241964 230343 146686 128266 83161.7 78387 67910.7 65891.1 35281.8 33973.9 32872.9 20102.2 17630.2 16292.8 15915.5 10109.2 8602.55 7765.8 6668.93 5954.06 4853 4768.9 4010.61
threshold=523.32500000000016 778.46000000000015 315.49500000000006 920.3850000000001 151.10500000000005 662.3950000000001 406.77000000000004 1047.0400000000002 632.95000000000016 469.42500000000007 244.19000000000003 898.21000000000015 766.61000000000013 342.47500000000008 598.30500000000018 441.62000000000006 113.06500000000001 540.16500000000008 700.62000000000012 206.23500000000004 638.78000000000009 277.76000000000005 363.06000000000006 500.52000000000004 7901720000.000001 37204200.000000007 232.32500000000002 663.32000000000005 338.50500000000005 410.39000000000004
decision_type=2 2 2 2 2 2 2 2 2 2 2 2 2 2 2 2 2 2 2 2 2 2 2 2 2 2 2 2 2 2
left_child=2 5 4 11 16 8 13 -5 14 15 19 -3 18 28 17 29 -1 -2 -7 -6 25 -12 -15 -11 -16 -10 -21 -22 -4 -8
right_child=1 3 6 7 10 12 9 -9 20 23 21 -13 -14 22 24 -17 -18 -19 -20 26 27 -23 -24 -25 -26 -27 -28 -29 -30 -31
leaf_value=423.48847092760633 467.29349490207039 497.40313728749106 446.22689518879031 517.48812172934174 434.27436526372878 483.45116137182606 454.8494954456761 531.58268711994265 476.47716952138177 461.9087048591478 439.89020983918965 504.06352881477818 492.33563665138507 449.89530500014325 473.14419808011286 458.3759507110147 426.91937945887736 471.81211618762939 487.48517101102107 436.73524243804843 478.8708764539038 442.22498224979461 451.98998218350641 464.54763828517599 475.23690063978722 478.55250504625872 437.88807874039696 480.95247150235406 448.03523836331601 456.16053822604135
leaf_weight=54 21 38 35 29 22 21 35 21 32 30 56 37 29 36 25 96 62 69 30 96 21 61 64 21 61 30 84 24 25 70
leaf_count=54 21 38 35 29 22 21 35 21 32 30 56 37 29 36 25 96 62 69 30 96 21 61 64 21 61 30 84 24 25 70
internal_value=459.765 485.996 444.652 509.776 434.966 477.807 454.879 523.408 474.874 458.206 438.473 500.689 488.185 449.64 472.649 456.99 425.322 470.758 485.824 436.947 478.533 441.107 451.236 462.995 474.629 477.481 437.273 479.981 446.98 455.724
internal_weight=1335 488 847 125 435 363 412 50 283 252 319 75 80 160 176 201 116 90 51 202 107 117 100 51 86 62 180 45 60 105
internal_count=1335 488 847 125 435 363 412 50 283 252 319 75 80 160 176 201 116 90 51 202 107 117 100 51 86 62 180 45 60 105
is_linear=0
shrinkage=1


Tree=1
num_leaves=31
num_cat=0
split_feature=1 1 1 2 5 2 2 10 1 1 2 1 2 1 1 5 2 1 8 2 1 2 11 1 1 1 2 2 2 1
split_gain=4.28676e+07 7.70673e+06 6.79633e+06 1.44682e+06 1.19159e+06 691813 584188 201225 160499 107580 103896 99759.5 69577.1 58079.9 50280.7 27560.8 26627 24242.5 23120.7 14280.5 12891.6 10951.1 10397.3 8754.85 8167.01 6968.07 4822.79 4102.15 3945.12 3017.07
threshold=523.32500000000016 790.48500000000013 315.49500000000006 920.3850000000001 151.10500000000005 654.48000000000013 393.05500000000006 17010700000.000002 598.30500000000018 469.42500000000007 244.19000000000003 898.21000000000015 350.34500000000008 722.42000000000019 640.32500000000016 107.37000000000002 540.16500000000008 441.62000000000006 1.5000000000000002 206.23500000000004 277.76000000000005 737.53000000000009 7859760000.000001 346.44500000000005 387.66500000000008 500.52000000000004 232.32500000000002 646.6400000000001 612.08500000000015 135.64500000000001
decision_type=2 2 2 2 2 2 2 2 2 2 2 2 2 2 2 2 2 2 2 2 2 2 2 2 2 2 2 2 2 2
left_child=2 5 4 11 15 8 12 -5 16 17 19 18 23 -7 22 -1 -2 -8 -3 -6 -12 -15 -10 -4 -14 -11 -21 -16 -24 -17
right_child=1 3 6 7 10 13 9 -9 14 25 20 -13 24 21 27 29 -18 -19 -20 26 -22 -23 28 -25 -26 -27 -28 -29 -30 -31
leaf_value=-32.801050925741393 6.775507173084077 34.774945068359379 -11.96403091430664 52.098642781575521 -22.941709483753552 20.793719617058251 -3.4312358726625862 65.048074798583983 11.75990104675293 1.9291962175567947 -17.887449727739607 39.868537902832031 -7.9563603057861334 24.701321079420008 16.519918702443441 -30.11818328208112 10.842266075075537 -1.1478077323354305 30.385494537353516 -20.726920270919802 -15.786153599473298 27.787201193104622 13.523808427290485 -9.7586268997192391 -6.1489295959472656 4.3042362724031724 -19.6893672034854 18.173632278442383 14.970220924146247 -28.651737670898441
leaf_weight=49 21 30 45 30 22 34 92 20 24 30 56 37 50 23 60 47 69 94 20 96 61 23 44 30 50 21 84 20 33 20
leaf_count=49 21 30 45 30 22 34 92 20 24 30 56 37 50 23 60 47 69 94 20 96 61 23 44 30 50 21 84 20 33 20
internal_value=-1.60162e-08 23.6078 -13.6017 43.7227 -22.3193 15.7567 -4.39735 57.2784 13.3445 -1.16162 -19.1632 35.9321 -8.77946 23.9278 15.0606 -30.9986 9.89336 -2.27725 33.0192 -20.5367 -16.7919 26.2443 13.5773 -11.0819 -7.05264 2.90715 -20.2427 16.9333 14.1437 -29.6804
internal_weight=1335 488 847 137 435 351 412 50 271 237 319 87 175 80 181 116 90 186 50 202 117 46 101 75 100 51 180 80 77 67
internal_count=1335 488 847 137 435 351 412 50 271 237 319 87 175 80 181 116 90 186 50 202 117 46 101 75 100 51 180 80 77 67
is_linear=0
shrinkage=0.1


Tree=2
num_leaves=31
num_cat=0
split_feature=1 2 1 2 4 2 2 11 1 2 1 1 1 2 1 2 0 1 1 2 2 2 1 1 1 3 11 2 2 1
split_gain=3.47227e+07 6.24813e+06 5.50716e+06 1.01219e+06 984059 728720 448682 167625 149176 94022.8 87139.8 53217 51305.1 49692.5 43153.4 21567.9 21325.3 19636.4 12987.2 12956.1 12785 10697.2 6615.28 5662.53 5644.13 5407.57 4953.48 4949.33 4018.35 3327.87
threshold=523.32500000000016 778.46000000000015 320.23000000000008 920.3850000000001 151.10500000000005 662.3950000000001 393.05500000000006 16962500000.000002 632.95000000000016 244.19000000000003 469.42500000000007 898.21000000000015 766.61000000000013 350.34500000000008 598.30500000000018 540.16500000000008 107.47000000000001 441.62000000000006 292.53500000000003 700.62000000000012 206.23500000000004 638.78000000000009 387.66500000000008 346.44500000000005 500.52000000000004 37204200.000000007 7901720000.000001 263.03500000000003 227.54000000000005 663.32000000000005
decision_type=2 2 2 2 2 2 2 2 2 2 2 2 2 2 2 2 2 2 2 2 2 2 2 2 2 2 2 2 2 2
left_child=2 5 4 11 16 8 13 -5 14 20 17 -3 19 23 15 -2 -1 -8 27 -7 -6 25 -15 -4 -12 -10 -16 -11 -22 -23
right_child=1 3 6 7 9 12 10 -9 21 18 24 -13 -14 22 26 -17 -18 -19 -20 -21 28 29 -24 -25 -26 -27 -28 -29 -30 -31
leaf_value=-29.555726877848311 6.0979565756661556 30.553695959793899 -10.600220069885253 46.822996317545574 -20.72224386463995 19.219426908947174 -3.0881122505535252 58.641942749023443 13.413315898180009 -16.31216344418733 1.7362766393025717 35.881684834248311 26.392402806775323 -7.1607243270874026 10.851038696289063 9.7580398200214784 -26.794271121807952 -1.0330269752664769 -13.18271687825521 22.457982381184898 -18.83942246870561 15.423707580566408 -5.5340365676879886 -8.7827643966674795 3.8738125937325614 15.282108917236329 12.522396756781907 -14.845233253810717 -17.85894874438905 17.147456709543864
leaf_weight=48 21 38 40 30 23 21 92 20 32 46 30 37 29 50 25 69 67 94 30 30 66 21 50 30 21 30 61 46 114 24
leaf_count=48 21 38 40 30 23 21 92 20 32 46 30 37 29 50 25 69 67 94 30 30 66 21 50 30 21 30 61 46 114 24
internal_value=8.42993e-08 21.247 -12.2415 40.5295 -19.9967 14.607 -3.8575 51.5506 12.2248 -17.1836 -1.04545 33.1822 23.0341 -7.77782 10.4347 8.90402 -27.9469 -2.04952 -14.9895 21.1245 -18.5021 15.1694 -6.34738 -9.82131 2.61644 14.3176 12.0365 -15.5787 -18.2185 16.343
internal_weight=1335 488 847 125 440 363 407 50 283 325 237 75 80 170 176 90 115 186 122 51 203 107 100 70 51 62 86 92 180 45
internal_count=1335 488 847 125 440 363 407 50 283 325 237 75 80 170 176 90 115 186 122 51 203 107 100 70 51 62 86 92 180 45
is_linear=0
shrinkage=0.1


Tree=3
num_leaves=31
num_cat=0
split_feature=1 1 1 2 0 1 1 1 1 1 2 1 2 1 1 2 2 2 8 0 1 2 11 1 2 1 2 1 3 3
split_gain=2.81254e+07 5.07203e+06 4.4608e+06 944908 797900 456700 364603 140711 89692.5 77398.3 77301.9 63834.4 53827 32013.5 23079.6 20617 17470 17209.1 16805.7 16565.2 11831 10765.2 7082.12 4571.75 4422.9 4092.91 3312.84 3266.49 3144.97 3143.86
threshold=523.32500000000016 790.48500000000013 320.23000000000008 920.3850000000001 146.01000000000002 673.69500000000005 406.77000000000004 1069.7450000000001 598.30500000000018 469.42500000000007 243.77000000000001 898.21000000000015 671.72000000000014 360.67000000000007 640.32500000000016 422.93000000000006 540.16500000000008 734.02500000000009 1.5000000000000002 113.06500000000001 275.98500000000007 206.23500000000004 7859760000.000001 500.52000000000004 363.06000000000006 296.18000000000001 442.78500000000003 99.330000000000013 37204200.000000007 20822200.000000004
decision_type=2 2 2 2 2 2 2 2 2 2 2 2 2 2 2 2 2 2 2 2 2 2 2 2 2 2 2 2 2 2
left_child=2 5 4 11 19 8 13 -5 16 15 21 18 -7 -4 22 -8 -2 -14 -3 27 -12 -6 -10 -11 -15 -22 -17 -1 -16 -24
right_child=1 3 6 7 10 12 9 -9 14 23 20 -13 17 24 28 26 -18 -19 -20 -21 25 -23 29 -25 -26 -27 -28 -29 -30 -31
leaf_value=-27.338419342041018 5.4881607245831265 28.311435445149741 -9.0964591725667319 41.090597534179693 -18.702324358622231 15.411726760864259 -3.1095621953839845 51.700435302734377 9.4881309032440182 1.5626489894588789 -14.653751400538855 32.293516499287378 18.899127197265624 -7.1263580752957258 12.431304966319692 -1.5936835601412018 8.7822357177734371 22.246901975359236 24.569147605895996 -24.054635950724286 -13.183329391479493 -16.443080612708783 12.300813920157296 3.4864312660126462 -5.6710856303572657 -11.500012359619141 -0.48880553109680913 -25.773213144938151 13.901312610714934 10.972502961450694
leaf_weight=24 21 30 60 25 24 33 92 25 24 30 56 37 34 31 22 58 69 28 20 60 52 174 28 21 64 20 51 30 43 49
leaf_count=24 21 30 60 25 24 33 92 25 24 30 56 37 34 31 22 58 69 28 20 60 52 174 28 21 64 20 51 30 43 49
internal_value=-4.36693e-08 19.1223 -11.0173 35.4406 -17.997 12.7531 -3.47175 46.3955 10.5557 -1.1244 -15.4788 29.1447 18.6744 -7.28809 11.934 -2.00718 8.01362 20.411 26.8145 -25.1982 -13.5636 -16.7169 10.988 2.35479 -6.14596 -12.7157 -1.07672 -26.4689 13.4038 11.4555
internal_weight=1335 488 847 137 440 351 407 50 256 252 326 87 95 155 166 201 90 62 50 114 128 198 101 51 95 72 109 54 65 77
internal_count=1335 488 847 137 440 351 407 50 256 252 326 87 95 155 166 201 90 62 50 114 128 198 101 51 95 72 109 54 65 77
is_linear=0
shrinkage=0.1


Tree=4
num_leaves=31
num_cat=0
split_feature=1 1 1 2 6 1 1 6 1 1 1 2 2 2 1 2 2 2 2 8 2 1 10 11 1 2 1 3 2 2
split_gain=2.27816e+07 4.10834e+06 3.61404e+06 768237 634069 369927 311949 108352 72651 69898.2 58804.3 55874.4 43599.9 34621.8 18694.5 14241.6 14212.2 14150.7 13939.4 13612.6 8562.53 7901.72 5949.09 5736.52 3703.12 2770.22 2737.18 2639.79 2606.12 2594.77
threshold=523.32500000000016 790.48500000000013 315.49500000000006 950.87000000000012 143.89500000000004 673.69500000000005 412.17000000000007 1037.4250000000004 598.30500000000018 898.21000000000015 469.42500000000007 243.77000000000001 671.72000000000014 342.47500000000008 640.32500000000016 428.71500000000009 110.38500000000001 540.16500000000008 734.02500000000009 1.5000000000000002 221.18500000000003 275.98500000000007 5763730000.000001 7859760000.000001 500.52000000000004 363.06000000000006 102.20000000000002 44814850.000000007 612.08500000000015 415.56500000000005
decision_type=2 2 2 2 2 2 2 2 2 2 2 2 2 2 2 2 2 2 2 2 2 2 2 2 2 2 2 2 2 2
left_child=2 5 4 9 16 8 13 -5 17 19 15 20 -7 -4 23 29 26 -2 -14 -3 -6 -13 25 -10 -12 -15 -1 -16 -25 -8
right_child=1 3 6 7 11 12 10 -9 14 -11 24 21 18 22 27 -17 -18 -19 -20 -21 -22 -23 -24 28 -26 -27 -28 -29 -30 -31
leaf_value=-24.459731241861981 4.9393446286519378 25.480292256673181 -8.4189549382527673 37.804628057065223 -16.205868887394033 13.870554078167135 -3.0340093817029681 47.62094352028587 8.5393174489339199 29.666788373674667 1.4063840762774151 -13.188376195090157 17.009214715396659 -6.4747209601932099 11.35335817008183 -0.77844358559572302 -21.595437396940639 7.9040122847626186 20.022212110246933 22.11223306655884 -14.659049626668295 -11.578909660453228 -3.9618792230432684 9.8061438993974175 3.1377882162729902 -5.3335641109026399 -23.026941871643068 12.635368262396918 10.981743968616833 -2.0244930366300191
leaf_weight=30 21 30 60 23 47 33 49 22 24 42 30 56 34 36 29 89 61 69 28 20 150 67 22 44 21 52 24 36 33 53
leaf_count=30 21 30 60 23 47 33 49 22 24 42 30 56 34 36 29 89 61 69 28 20 150 67 22 44 21 52 24 36 33 53
internal_value=4.21535e-08 17.2101 -9.91561 31.8965 -16.2727 11.4778 -3.20363 42.6037 9.50014 26.6593 -0.897359 -13.984 16.807 -6.48667 10.7406 -1.70286 -22.6414 7.21226 18.3699 24.1331 -15.0281 -12.3117 -5.4327 9.88922 2.11932 -5.8004 -23.8229 12.0634 10.31 -2.50946
internal_weight=1335 488 847 137 435 351 412 45 256 92 242 320 95 170 166 191 115 90 62 50 197 123 110 101 51 88 54 65 77 102
internal_count=1335 488 847 137 435 351 412 45 256 92 242 320 95 170 166 191 115 90 62 50 197 123 110 101 51 88 54 65 77 102
is_linear=0
shrinkage=0.1


Tree=5
num_leaves=31
num_cat=0
split_feature=5 1 1 2 2 1 2 5 1 1 2 10 2 11 1 1 0 1 2 2 8 2 6 11 1 1 1 6 7 1
split_gain=1.84566e+07 3.35054e+06 2.97209e+06 601862 525163 302361 248809 100911 54842.2 51312.1 47356.9 35196.9 31455 30232 26746.2 15142.6 14654.6 11087.2 8832.95 8800.13 6566.09 6053.57 5878.88 4646.58 4627.33 4485.06 3046.53 2840.18 2333.56 2249.47
threshold=514.81500000000017 790.48500000000013 320.23000000000008 920.3850000000001 173.15500000000003 673.69500000000005 393.05500000000006 1047.0400000000002 598.30500000000018 469.42500000000007 259.37500000000006 13259900000.000002 700.62000000000012 10179850000.000002 360.67000000000007 640.32500000000016 113.06500000000001 441.62000000000006 234.22000000000003 551.1350000000001 11.500000000000002 662.3950000000001 478.13500000000005 7859760000.000001 387.66500000000008 294.12000000000006 135.64500000000001 846.22500000000014 2.5000000000000004 225.35000000000002
decision_type=2 2 2 2 2 2 2 2 2 2 2 2 2 2 2 2 2 2 2 2 2 2 2 2 2 2 2 2 2 2
left_child=2 5 4 11 16 8 14 -5 19 17 18 13 21 -3 -4 23 -1 -8 29 -2 -14 -7 -11 -10 -16 -12 -18 -15 -21 -6
right_child=1 3 6 7 10 12 9 -9 15 22 25 -13 20 27 24 -17 26 -19 -20 28 -22 -23 -24 -25 -26 -27 -28 -29 -30 -31
leaf_value=-21.442331695556643 4.7922829142638612 25.605362592424669 -7.3805621337890628 33.802044362035296 -14.616646480560304 12.385930145703831 -2.2601042559613354 42.90423031761533 7.6853859424591064 3.2633455005559058 -10.906005047213647 26.988078369140624 16.002194272554839 21.762472038269046 -5.3479171748956045 10.857054877647988 -19.734610566638764 -0.71587964761952694 -12.501930304134595 6.482932383219401 18.379615202404207 14.668680499848865 1.1529665766340313 9.27897532079127 -4.0453475589752195 -9.2959833939870204 -18.322254625956216 20.077189865112306 7.6697544407200171 -13.546335608870894
leaf_weight=54 21 21 60 29 24 26 92 21 24 22 62 25 26 20 60 65 42 94 102 30 21 21 33 77 50 24 24 20 37 108
leaf_count=54 21 21 60 29 24 26 92 21 24 22 62 25 26 20 60 65 42 94 102 30 21 21 33 77 50 24 24 20 37 108
internal_value=-1.0512e-08 15.5911 -8.86734 28.9004 -14.579 10.3898 -2.75269 37.625 8.59664 -0.686227 -12.4634 23.828 15.2352 22.5329 -5.68221 9.6665 -20.2206 -1.47969 -13.2009 6.57849 17.0644 13.4059 1.99712 8.9003 -4.75584 -10.4567 -19.221 20.9198 7.13834 -13.7409
internal_weight=1335 484 851 136 440 348 411 50 254 241 320 86 94 61 170 166 120 186 234 88 47 47 55 101 110 86 66 40 67 132
internal_count=1335 484 851 136 440 348 411 50 254 241 320 86 94 61 170 166 120 186 234 88 47 47 55 101 110 86 66 40 67 132
is_linear=0
shrinkage=0.1


Tree=6
num_leaves=31
num_cat=0
split_feature=1 2 2 2 0 2 1 6 1 1 2 1 1 1 1 2 8 2 2 2 10 1 2 2 3 1 1 5 10 6
split_gain=1.49504e+07 2.70938e+06 2.37191e+06 470936 417518 281534 205364 72841.2 62952.6 38006.9 37868.3 36679 23072 20306.9 18250 9530.44 9330.16 9170.81 6485.73 6416.91 5765.89 5450.36 4433.16 4398.56 3487.64 3238.77 2295.79 2105.06 2038.95 1998.61
threshold=523.32500000000016 772.30500000000018 293.56000000000006 950.87000000000012 146.01000000000002 662.3950000000001 412.17000000000007 1037.4250000000004 632.95000000000016 469.42500000000007 241.00500000000002 898.21000000000015 352.97500000000008 741.68500000000006 598.30500000000018 428.71500000000009 7.5000000000000009 540.16500000000008 638.78000000000009 261.39000000000004 10485300000.000002 222.80500000000004 363.06000000000006 745.05000000000007 37204200.000000007 500.52000000000004 292.53500000000003 657.18000000000018 5763730000.000001 574.0100000000001
decision_type=2 2 2 2 2 2 2 2 2 2 2 2 2 2 2 2 2 2 2 2 2 2 2 2 2 2 2 2 2 2
left_child=2 5 4 11 16 8 12 -5 14 15 21 20 -4 -7 17 -8 -1 -2 24 -12 -3 -6 -14 -15 -10 -11 -21 -20 -24 -19
right_child=1 3 6 7 10 13 9 -9 18 25 19 -13 22 23 -16 -17 -18 29 27 26 -22 -23 28 -25 -26 -27 -28 -29 -30 -31
leaf_value=-19.712928475273984 4.0199152490922385 21.059691002255395 -6.9433406968550244 30.643962030825406 -13.668071873982749 12.991590404510498 -2.0311791228605252 38.692546775124292 8.5313761532306671 1.0347371117273967 -10.832265625 24.029353159949892 -5.2872524994175611 15.375387374214505 7.8868104934692385 -0.61513058543623833 -17.766679538824619 5.5641695022583013 10.194931602478029 -9.8243345971200995 18.743115269054069 -12.053320114700883 -4.3324009750898069 17.403119888305664 10.032186838785808 2.6539537986119588 -8.638275766372681 11.565887051536924 -3.1839680043133822 6.7504165844041486
leaf_weight=36 21 21 55 23 24 32 102 22 32 30 60 42 41 23 86 89 78 20 24 51 22 162 52 20 30 21 24 21 22 49
leaf_count=36 21 21 55 23 24 32 102 22 32 30 60 42 41 23 86 89 78 20 24 51 22 162 52 20 30 21 24 21 22 49
internal_value=-2.27974e-08 13.9418 -8.03256 26.3068 -13.1826 9.45167 -2.59501 34.5788 8.00802 -0.723768 -11.3363 21.9275 -5.25878 14.899 6.8451 -1.37134 -18.3813 5.84969 9.92086 -10.0614 19.8745 -12.2617 -4.45313 16.3185 9.25757 1.70147 -9.4448 10.8347 -3.99097 6.40658
internal_weight=1335 488 847 130 435 358 412 45 283 242 321 85 170 75 176 191 114 90 107 135 43 186 115 43 62 51 75 45 74 69
internal_count=1335 488 847 130 435 358 412 45 283 242 321 85 170 75 176 191 114 90 107 135 43 186 115 43 62 51 75 45 74 69
is_linear=0
shrinkage=0.1


Tree=7
num_leaves=31
num_cat=0
split_feature=5 1 1 2 2 1 2 2 1 2 1 2 10 11 2 1 0 8 1 2 1 1 6 2 1 1 3 2 10 1
split_gain=1.2118e+07 2.20598e+06 1.95113e+06 400538 351708 199381 154336 55087.9 35134.5 34444 32545.5 20092.4 17939.9 27459 14767.6 10018.2 9748.22 9387.42 7969.56 5477.79 5113.99 4611.71 4474.26 2376.93 2265.66 2214.4 2198.61 2500.2 2195.74 2163.29
threshold=514.81500000000017 790.48500000000013 324.41500000000002 998.78000000000009 173.15500000000003 673.69500000000005 393.05500000000006 910.78000000000009 598.30500000000018 254.10000000000005 469.42500000000007 734.02500000000009 12785650000.000002 10179850000.000002 350.34500000000008 123.28000000000002 627.55500000000018 9.5000000000000018 426.76000000000005 551.1350000000001 234.44000000000003 296.18000000000001 478.13500000000005 442.78500000000003 394.93000000000006 99.330000000000013 17783000.000000004 607.23000000000013 8431770000.000001 338.50500000000005
decision_type=2 2 2 2 2 2 2 2 2 2 2 2 2 2 2 2 2 2 2 2 2 2 2 2 2 2 2 2 2 2
left_child=2 5 4 7 15 8 14 12 19 20 18 17 13 -3 29 25 26 -7 -8 -2 -6 -11 -12 -20 -16 -1 -10 -28 -18 -4
right_child=1 3 6 -5 9 11 10 -9 16 21 22 -13 -14 -15 24 -17 28 -19 23 -21 -22 -23 -24 -25 -26 -27 27 -29 -30 -31
leaf_value=-18.043077977498374 3.9321466559455511 20.985554904029485 -6.4316128921508797 32.651568690708707 -11.403810148972731 9.8679456024169934 -2.1881156665938244 24.937963714599611 7.854663617270333 -8.9078857228725763 2.6828207790851595 14.59214267730713 21.371009318033856 16.43547840383318 -4.0773358419963293 -15.471636123657227 8.029948353767395 12.326519031059451 -1.104732633542411 5.7831056082426615 -10.398435375425551 -7.3250702222188311 0.84173601540652199 -0.22897959842401394 -3.0386413192749027 -16.803005642361111 6.3442217940375922 7.6805806477864582 9.1239352381506631 -5.2458047748915853
leaf_weight=24 21 21 25 35 78 25 56 20 28 79 22 28 24 36 70 60 32 41 79 67 144 24 33 51 30 36 42 21 43 40
leaf_count=24 21 21 25 35 78 25 56 20 28 79 22 28 24 36 70 60 32 41 79 67 144 24 33 51 30 36 42 21 43 40
internal_value=-1.11971e-08 12.6333 -7.1851 23.4327 -11.7587 8.41286 -2.17212 20.238 6.95674 -10.0505 -0.558867 12.3475 19.0775 18.1118 -4.52846 -16.3853 7.81306 11.3952 -1.19079 5.3414 -10.7517 -8.53907 1.57817 -0.761168 -3.76573 -17.299 7.11736 6.78967 8.65717 -5.70188
internal_weight=1335 484 851 136 445 348 406 101 254 325 241 94 81 57 165 120 166 66 186 88 222 103 55 130 100 60 91 63 75 65
internal_count=1335 484 851 136 445 348 406 101 254 325 241 94 81 57 165 120 166 66 186 88 222 103 55 130 100 60 91 63 75 65
is_linear=0
shrinkage=0.1


Tree=8
num_leaves=31
num_cat=0
split_feature=5 1 1 2 0 1 5 1 2 1 1 2 2 2 1 1 1 1 8 7 8 11 3 4 1 8 1 2 1 1
split_gain=9.818e+06 1.75958e+06 1.60991e+06 324436 285622 160747 130444 47117.2 30036.6 29911.9 28123.4 12311.2 11556.1 10648.9 7510.41 6380.94 6183.03 6002.47 5751.94 4965.09 4412.15 4408.57 4313.38 3678.15 3644.16 2627.45 1970.56 1962.34 1897.7 1828
threshold=523.64000000000021 790.48500000000013 324.41500000000002 998.78000000000009 146.01000000000002 682.1350000000001 405.8300000000001 916.18500000000006 241.00500000000002 469.42500000000007 618.18500000000006 353.07000000000005 734.02500000000009 910.78000000000009 433.96000000000009 283.63000000000005 107.575 655.75500000000011 8.5000000000000018 4.5000000000000009 10.500000000000002 7644280000.000001 24089350.000000004 214.24000000000004 500.52000000000004 6.5000000000000009 346.44500000000005 625.09000000000003 394.93000000000006 261.07000000000005
decision_type=2 2 2 2 2 2 2 2 2 2 2 2 2 2 2 2 2 2 2 2 2 2 2 2 2 2 2 2 2 2
left_child=2 5 4 7 16 10 11 22 23 14 18 26 20 -9 -8 29 -1 27 19 21 -7 -2 -3 -6 -11 -17 -4 -12 -13 -10
right_child=1 3 6 -5 8 12 9 13 15 24 17 28 -14 -15 -16 25 -18 -19 -20 -21 -22 -23 -24 -25 -26 -27 -28 -29 -30 -31
leaf_value=-15.864064280192057 3.5422468463579815 15.283012702248314 -5.6233905083792557 29.386411917550227 -11.065636169433596 9.5808138971743375 -1.8428106780052187 19.2559312321923 -9.1006875610351567 0.69225655917463635 6.5107060310515497 -3.6598746799863875 13.132928766523088 22.444167709350587 -0.54743401600501018 -8.0150680541992188 -14.33733399709066 8.3107783889770506 6.584620599185719 6.2013171031557279 11.396611261367799 5.1807536785419179 17.051176895966403 -9.7619052721106492 2.2517900013154555 -6.6042197429772589 -4.5544677425833306 7.6674078681252231 -2.7167155221104622 -8.1762159035422588
leaf_weight=42 24 22 35 35 25 23 75 22 35 29 44 64 28 20 111 22 72 55 34 29 32 52 37 161 31 33 34 22 32 55
leaf_count=42 24 22 35 35 25 23 75 22 35 29 44 64 28 20 111 22 72 55 34 29 32 52 37 161 31 33 34 22 32 55
internal_value=3.59601e-08 11.4641 -6.41508 21.0894 -10.5829 7.64766 -1.90251 18.2142 -9.09606 -0.443476 6.42452 -4.0778 11.4792 20.7741 -1.06976 -8.01715 -14.8998 7.53923 5.45416 5.08811 10.6373 4.66333 16.3919 -9.93714 1.49802 -7.16856 -5.09667 6.89627 -3.34549 -8.53573
internal_weight=1335 479 856 136 445 343 411 101 331 246 260 165 83 42 186 145 114 121 139 105 55 76 59 186 60 55 69 66 96 90
internal_count=1335 479 856 136 445 343 411 101 331 246 260 165 83 42 186 145 114 121 139 105 55 76 59 186 60 55 69 66 96 90
is_linear=0
shrinkage=0.1


Tree=9
num_leaves=31
num_cat=0
split_feature=5 1 1 2 11 1 2 6 2 1 1 5 2 8 1 2 1 8 10 1 1 1 2 1 5 0 8 1 2 1
split_gain=7.95258e+06 1.42526e+06 1.30403e+06 263747 231526 130333 106182 51033.1 24304.6 22290 21075 20997.4 12793.3 12625.7 6144.69 6023.44 5173.17 5151.18 4907.19 4371.08 3368.32 3249.43 3154 2951.77 2517.4 2438.16 2336.11 2239.62 1653.93 1498.9
threshold=523.64000000000021 790.48500000000013 324.41500000000002 950.87000000000012 1707020000.0000002 673.69500000000005 407.30000000000007 1037.4250000000004 241.00500000000002 898.21000000000015 469.42500000000007 612.7650000000001 350.34500000000008 9.5000000000000018 757.25500000000011 575.32000000000005 281.11000000000007 7.5000000000000009 10485300000.000002 441.62000000000006 655.75500000000011 406.77000000000004 221.18500000000003 500.52000000000004 904.94000000000017 577.75500000000011 7.5000000000000009 603.94000000000017 700.62000000000012 338.50500000000005
decision_type=2 2 2 2 2 2 2 2 2 2 2 2 2 2 2 2 2 2 2 2 2 2 2 2 2 2 2 2 2 2
left_child=2 5 4 9 17 11 12 -5 22 18 19 15 29 -7 28 25 -10 -1 -3 -8 -13 -14 -6 -12 -11 -2 -18 -17 -15 -4
right_child=1 3 6 7 8 13 10 -9 16 24 23 20 21 14 -16 27 26 -19 -20 -21 -22 -23 -24 -25 -26 -27 -28 -29 -30 -31
leaf_value=-14.400738779703776 4.5834621910167774 15.265769524409855 -5.226112518310547 21.949257394541867 -9.6407577673594176 8.2572153727213546 -1.4107456924947535 28.686111450195312 -7.7172691704245189 18.312318212335761 0.62303091040973013 6.2814773643718054 -3.2106834276984721 9.4872001266479487 12.236608814057851 4.9237951442173546 -6.9623785459078285 -12.954609005267805 13.229663438796997 -0.37836783004357766 7.4122605345969976 -2.0658276360375543 -8.6996762980585522 2.0266110277944995 16.762165193557742 3.2609207808971408 -5.654160472324917 6.0325168063766084 10.707254943847657 -4.2390544939041135
leaf_weight=36 46 29 25 23 48 27 74 22 85 22 29 68 85 20 21 35 39 78 20 92 43 35 138 31 20 20 21 38 25 40
leaf_count=36 46 29 25 23 48 27 74 22 85 22 29 68 85 20 21 35 39 78 20 92 43 35 138 31 20 20 21 38 25 40
internal_value=-8.71188e-10 10.3177 -5.77357 18.9805 -9.52457 6.88289 -1.71226 25.2428 -8.18595 15.8837 -0.258019 5.69398 -3.48879 10.0789 10.8242 4.87501 -7.21543 -13.4113 14.4347 -0.838584 6.71953 -2.87677 -8.94254 1.34821 17.5742 4.18269 -6.5045 5.50094 10.165 -4.61869
internal_weight=1335 479 856 136 445 343 411 45 331 91 226 250 185 93 66 139 145 114 49 166 111 120 186 60 42 66 60 73 45 65
internal_count=1335 479 856 136 445 343 411 45 331 91 226 250 185 93 66 139 145 114 49 166 111 120 186 60 42 66 60 73 45 65
is_linear=0
shrinkage=0.1


Tree=10
num_leaves=31
num_cat=0
split_feature=1 2 2 1 2 2 2 10 1 1 2 2 1 5 1 2 8 1 7 2 1 1 2 1 8 2 1 11 10 2
split_gain=6.44605e+06 1.12327e+06 1.07924e+06 206316 180655 108867 99589.7 38936.4 22104 19903.7 14936.6 10636 9396.03 10402.7 8562.31 5812.41 5804.62 4533.84 4369.11 4780.48 3432.38 2516.79 2079.6 1937.46 1924.75 1824.92 1710.16 1656.37 2665.04 1649.62
threshold=562.10000000000014 772.30500000000018 293.56000000000006 1049.5350000000003 173.15500000000003 662.3950000000001 393.05500000000006 14810350000.000002 469.42500000000007 642.21500000000015 239.89000000000001 342.47500000000008 852.54500000000019 863.56500000000017 741.68500000000006 122.41500000000001 9.5000000000000018 426.76000000000005 3.5000000000000004 583.68500000000006 261.07000000000005 500.52000000000004 635.50000000000011 387.66500000000008 7.5000000000000009 745.05000000000007 99.330000000000013 6890930000.000001 5714260000.000001 225.05500000000004
decision_type=2 2 2 2 2 2 2 2 2 2 2 2 2 2 2 2 2 2 2 2 2 2 2 2 2 2 2 2 2 2
left_child=2 5 4 7 15 9 11 12 17 16 29 -4 -3 -14 -7 26 18 -8 19 -2 -12 -10 -11 -13 -20 -16 -1 28 -19 -6
right_child=1 3 6 -5 10 14 8 -9 21 22 20 23 13 -15 25 -17 -18 27 24 -21 -22 -23 -24 -25 -26 -27 -28 -29 -30 -31
leaf_value=-13.212290191650391 3.3970981643313451 12.302492787287786 -4.4878937228520712 24.267833209037782 -8.4089850743611656 8.5096226572990421 -1.6134334376880102 18.336777731088493 0.59247659583886469 6.0991102258364362 -7.4008201878245288 -3.2054724590594952 16.321621358962286 13.302558464050293 10.062446950829548 -11.102422682444256 6.447274284362793 0.16300853913029034 5.6697010412448794 4.8652040684476816 -6.3143565912246711 1.8326538182795049 7.0917987636491366 -2.3774852194786074 4.6255071947651523 11.368549299240113 -12.178437964121501 0.062639142923495358 -1.05378156941798 -7.7744103678950554
leaf_weight=24 42 26 60 32 66 32 56 26 30 36 41 65 21 25 23 48 20 24 41 47 100 36 51 50 31 20 48 34 72 108
leaf_count=24 42 26 60 32 66 32 56 26 30 36 41 65 21 25 23 48 20 24 41 47 100 36 51 50 31 20 48 34 72 108
internal_value=1.60732e-09 9.38057 -5.14734 17.2962 -8.65305 6.38047 -1.57596 15.0198 -0.303305 5.43801 -7.39523 -3.40859 13.822 14.6808 9.7482 -11.9548 4.84053 -0.861197 4.64094 4.17239 -6.63028 1.26894 6.68103 -2.84548 5.22012 10.6699 -12.5231 -0.537156 -0.749584 -8.01511
internal_weight=1335 473 862 130 435 343 427 98 252 268 315 175 72 46 75 120 181 186 161 89 141 66 87 115 72 43 72 130 96 174
internal_count=1335 473 862 130 435 343 427 98 252 268 315 175 72 46 75 120 181 186 161 89 141 66 87 115 72 43 72 130 96 174
is_linear=0
shrinkage=0.1


Tree=11
num_leaves=31
num_cat=0
split_feature=0 2 1 2 0 1 5 1 1 1 2 2 7 1 2 3 2 1 1 3 8 1 6 11 1 2 11 2 1 8
split_gain=5.22246e+06 929130 852340 170922 152661 97143 69155.1 22502.6 14791.9 14266 14204.5 7845.99 7826.67 6496.44 6422.17 6077.89 5825.07 4360.68 4351.75 4141.65 3829.5 3615.74 3240.24 3201.09 2594.34 2431.86 2362.68 2888.05 2300.3 2186.19
threshold=523.70500000000004 772.30500000000018 324.41500000000002 998.78000000000009 199.19000000000003 682.1350000000001 405.8300000000001 916.18500000000006 469.42500000000007 626.20500000000004 259.37500000000006 734.02500000000009 1.5000000000000002 360.67000000000007 132.04000000000005 74391750.000000015 910.78000000000009 426.76000000000005 852.54500000000019 11140700.000000002 5.5000000000000009 606.29500000000019 478.13500000000005 7509415000.000001 102.20000000000002 236.33500000000004 4953285000.000001 375.33500000000004 661.25000000000011 9.5000000000000018
decision_type=2 2 2 2 2 2 2 2 2 2 2 2 2 2 2 2 2 2 2 2 2 2 2 2 2 2 2 2 2 2
left_child=2 5 4 7 14 9 13 18 17 19 25 12 -7 -4 24 -14 -9 -8 -3 -2 -11 23 -10 -21 -1 -6 -15 -28 -22 -12
right_child=1 3 6 -5 10 11 8 16 22 20 29 -13 15 26 -16 -17 -18 -19 -20 21 28 -23 -24 -25 -26 -27 27 -29 -30 -31
leaf_value=-11.791693649291993 5.4193364810943612 11.072243587787336 -3.8669340619173918 21.540471452985493 -7.223946396509807 6.2224058789014824 -1.5065318397113256 13.971729573336516 2.0832959924638272 4.412981830943715 -5.7734594096308172 9.8182663027445471 9.877883338928223 -1.6089537366653202 -9.1922799428304032 7.4125458240509037 16.329756317138671 -0.45100811334040308 12.884841346740723 2.3870607995986939 5.511124336277998 4.5855335296468533 0.51774565348258383 3.826260590553284 -10.684849294026693 -6.5469040984199154 -3.2905488928159081 -2.1400327235460281 6.6152932791874326 -4.6286619186401365
leaf_weight=30 20 26 55 35 144 20 56 22 20 22 69 30 20 22 24 20 20 130 27 20 54 47 39 68 72 84 48 40 29 22
leaf_count=30 20 26 55 35 144 20 56 22 20 22 69 30 20 22 24 20 20 130 27 20 54 47 39 68 72 84 48 40 29 22
internal_value=-2.57467e-08 8.34756 -4.68635 15.5666 -7.71699 5.6662 -1.39699 13.3657 -0.331179 4.68601 -6.55294 8.49783 7.83761 -2.97955 -10.6641 8.64521 15.0946 -0.7688 11.9956 4.07635 5.586 3.87739 1.04844 3.49917 -11.0104 -6.97451 -2.53586 -2.76759 5.89692 -5.4967
internal_weight=1335 480 855 130 445 350 410 95 245 260 319 90 60 165 126 40 42 186 53 155 105 135 59 88 102 228 110 88 83 91
internal_count=1335 480 855 130 445 350 410 95 245 260 319 90 60 165 126 40 42 186 53 155 105 135 59 88 102 228 110 88 83 91
is_linear=0
shrinkage=0.1


Tree=12
num_leaves=31
num_cat=0
split_feature=5 1 1 1 0 8 1 10 11 2 1 1 6 2 1 1 2 2 1 3 1 4 10 11 5 7 10 5 8 1
split_gain=4.23507e+06 762173 691764 145797 124003 70497.3 56253.3 28950.7 20386.8 20357.1 13236.8 11771.2 8792.19 5486.15 4261.09 3398.43 3063.85 2907.58 2376.11 2279.56 2182.91 2019.32 2009.9 2151.16 1665.89 1516.77 1383.82 1404.53 1331.18 1696.83
threshold=523.64000000000021 790.48500000000013 324.41500000000002 1049.5350000000003 146.01000000000002 10.500000000000002 415.25000000000006 12785650000.000002 10458300000.000002 612.08500000000015 272.26500000000004 469.42500000000007 915.7700000000001 353.07000000000005 682.1350000000001 234.44000000000003 442.78500000000003 110.38500000000001 603.94000000000017 44814850.000000007 757.25500000000011 488.79000000000008 5631890000.000001 6191750000.000001 715.00500000000011 3.5000000000000004 5763730000.000001 374.63000000000005 6.5000000000000009 294.12000000000006
decision_type=2 2 2 2 2 2 2 2 2 2 2 2 2 2 2 2 2 2 2 2 2 2 2 2 2 2 2 2 2 2
left_child=2 5 4 7 17 9 13 8 -3 18 15 16 -9 -4 19 -6 22 -1 25 -11 24 -13 -8 -24 -7 -2 27 -15 -12 -30
right_child=1 3 6 -5 10 20 11 12 -10 14 28 21 -14 26 -16 -17 -18 -19 -20 -21 -22 -23 23 -25 -26 -27 -28 -29 29 -31
leaf_value=-10.322086814597801 2.93313516443426 12.204578801989555 -3.3639024485712472 19.766874384880069 -6.8487189883277528 8.2535267330351338 -0.087999493159029801 12.363545259975252 8.3933364601135256 4.5650184470873612 -5.3912032834945194 1.5206159772544072 15.114611845750076 -1.7694366776424908 6.5620101581920283 -6.0665450328733863 -0.029678303383144679 -9.3106343587239575 4.0842290199409099 5.5155939802831533 8.8724190848214288 0.3597051407060316 -2.0542692691087723 -0.90997827707830337 6.9939385732014969 3.7259230014889742 -1.5372954162458579 -2.7166978232714598 -5.0149130105972297 -3.8407429337501529
leaf_weight=54 55 32 69 32 84 21 23 21 25 52 31 29 26 23 22 164 51 60 59 49 21 31 20 92 21 43 24 49 32 20
leaf_count=54 55 32 69 32 84 21 23 21 25 52 31 29 26 23 22 164 51 60 59 49 21 31 20 92 21 43 24 49 32 20
internal_value=1.39418e-08 7.52937 -4.21328 13.8642 -6.94529 5.01759 -1.25526 12.048 10.533 4.33756 -5.96563 -0.297123 13.8854 -2.68376 5.30089 -6.33147 -0.690005 -9.78974 3.58284 5.02619 8.03996 0.920812 -0.939462 -1.11432 7.62373 3.28099 -2.1949 -2.4141 -4.87252 -4.56331
internal_weight=1335 479 856 136 445 343 411 104 57 280 331 246 47 165 123 248 186 114 157 101 63 60 135 112 42 98 96 72 83 52
internal_count=1335 479 856 136 445 343 411 104 57 280 331 246 47 165 123 248 186 114 157 101 63 60 135 112 42 98 96 72 83 52
is_linear=0
shrinkage=0.1


Tree=13
num_leaves=31
num_cat=0
split_feature=1 2 1 11 10 5 2 2 1 1 1 10 11 2 2 2 8 2 4 7 2 1 2 1 3 2 8 1 6 2
split_gain=3.43227e+06 596643 572513 118868 100981 59617.7 48179.6 31464.3 15279.4 9788.99 9470.15 9339.65 17791 5784.98 4281.91 4226.21 4145.18 3323.78 2628.42 3508.99 2852.92 2617.5 1916.96 1735.08 1360.53 1118.46 1078.26 1374.43 1064.04 1053.44
threshold=562.10000000000014 772.30500000000018 324.41500000000002 16962500000.000002 2405350000.0000005 701.94500000000005 407.30000000000007 920.3850000000001 655.75500000000011 500.52000000000004 272.26500000000004 12785650000.000002 10332300000.000002 342.47500000000008 600.43000000000018 122.41500000000001 9.5000000000000018 442.78500000000003 577.63000000000011 3.5000000000000004 579.5150000000001 766.61000000000013 236.33500000000004 387.66500000000008 44814850.000000007 132.04000000000005 6.5000000000000009 294.12000000000006 728.81000000000006 93.055000000000021
decision_type=2 2 2 2 2 2 2 2 2 2 2 2 2 2 2 2 2 2 2 2 2 2 2 2 2 2 2 2 2 2
left_child=2 5 4 7 15 8 13 11 14 17 22 12 -3 -4 18 29 24 -8 19 -2 -20 28 -6 -15 -10 -17 -12 -28 -7 -1
right_child=1 3 6 -5 10 21 9 -9 16 -11 26 -13 -14 23 -16 25 -18 -19 20 -21 -22 -23 -24 -25 -26 -27 27 -29 -30 -31
leaf_value=-9.6901710192362476 2.8626886407534284 11.534964229749598 -3.2163163423538208 19.705577812194825 -5.8549528969658748 7.4432948684692377 -0.75066675261045113 14.086478373209637 4.036041740179062 1.3817630185021295 -4.8520829293035694 11.721827585943814 7.7814129556928364 -2.3291809650567865 4.0759962655249096 -8.3859839884440106 6.2653722286224367 0.088865995727762395 1.84466524331466 4.7134841489791865 3.2038580853888328 8.2425216944321349 -5.2705834336902786 -1.6116834542208485 5.050495935097719 -7.4700980981190996 -4.5134217560291292 -3.4566685563325885 6.4354896805503152 -8.878750769297282
leaf_weight=24 21 23 50 20 144 20 117 30 20 36 31 29 28 65 84 30 24 79 23 20 47 23 92 70 39 24 32 20 22 48
leaf_count=24 21 23 50 20 144 20 117 30 20 36 31 29 28 65 84 30 24 79 23 20 47 23 92 70 39 24 32 20 22 48
internal_value=-6.03553e-09 6.845 -3.75601 12.614 -6.25076 4.65849 -1.09375 11.3246 4.021 -0.133897 -5.30403 10.289 9.47419 -2.29746 3.53733 -8.64767 5.15734 -0.412284 3.12968 3.76552 2.75727 7.38499 -5.62715 -1.95715 4.70661 -7.97892 -4.38527 -4.10698 6.9154 -9.14922
internal_weight=1335 473 862 130 445 343 417 110 278 232 319 80 51 185 195 126 83 196 111 41 70 65 236 135 59 54 83 52 42 72
internal_count=1335 473 862 130 445 343 417 110 278 232 319 80 51 185 195 126 83 196 111 41 70 65 236 135 59 54 83 52 42 72
is_linear=0
shrinkage=0.1


Tree=14
num_leaves=31
num_cat=0
split_feature=5 1 2 11 5 8 5 2 0 6 10 11 2 2 1 2 4 8 1 8 10 1 8 1 1 5 2 5 2 8
split_gain=2.78228e+06 500053 453084 99100.4 78820 47120.9 41107.9 26616.9 13608 9238.34 14109.4 8055.51 6736.25 5908.13 4787.59 4011.97 3462.67 3319.45 3006.28 2145.83 1816.77 1629.35 1559.18 1926.07 1501.96 1413.89 1658.66 1373.18 1290.48 1165.71
threshold=523.64000000000021 790.48500000000013 293.56000000000006 16962500000.000002 199.61500000000004 10.500000000000002 405.8300000000001 920.3850000000001 627.55500000000018 803.61000000000013 12785650000.000002 5614680000.000001 442.78500000000003 259.37500000000006 352.97500000000008 134.76000000000002 673.22500000000014 4.5000000000000009 603.94000000000017 4.5000000000000009 6193060000.000001 102.20000000000002 8.5000000000000018 469.42500000000007 757.25500000000011 606.65500000000009 609.80500000000006 715.00500000000011 233.59000000000003 3.5000000000000004
decision_type=2 2 2 2 2 2 2 2 2 2 2 2 2 2 2 2 2 2 2 2 2 2 2 2 2 2 2 2 2 2
left_child=2 5 4 7 15 8 14 9 17 -3 -11 -8 20 28 -4 21 -10 -2 -19 -14 -13 -1 23 -21 27 -20 -27 -7 -6 -22
right_child=1 3 6 -5 13 24 11 -9 16 10 -12 12 19 -15 -16 -17 -18 18 25 22 29 -23 -24 -25 -26 26 -28 -29 -30 -31
leaf_value=-8.6302314758300778 1.995087067012129 11.041909699212937 -3.0205649269710886 17.735019912719729 -5.3003961320650781 6.7657862027486164 1.6806531333178283 12.677830410003663 4.1337478404886587 7.4263779909182821 10.433782889292791 -1.7007706957558792 -0.55895030534472967 -4.0763876479349017 -1.8938722101692111 -6.4620280265808105 5.5961809468269355 2.7710712679897451 4.357218551635742 0.18244553391750043 -1.0448912040523763 -7.7630467830560157 -0.17598315569070669 1.4247517225643 7.2297691708519354 2.6931714224815373 3.951451813090932 5.6222013382684617 -4.8220115145047515 -0.34855761663480239
leaf_weight=30 29 21 55 20 118 21 20 30 85 39 26 24 29 81 120 20 20 83 21 26 53 78 26 24 21 20 22 21 108 44
leaf_count=30 29 21 55 20 118 21 20 30 85 39 26 24 29 81 120 20 20 83 21 26 53 78 26 24 21 20 22 21 108 44
internal_value=7.53681e-09 6.1028 -3.415 11.234 -5.67834 4.06828 -1.0764 10.1131 3.51231 9.21846 8.62934 -0.242962 -0.413194 -4.80916 -2.24798 -7.76301 4.41231 2.97231 3.16641 0.172881 -0.921771 -8.00393 0.452132 0.778753 6.53925 3.68725 3.35227 6.19399 -5.07179 -0.729029
internal_weight=1335 479 856 136 435 343 421 116 280 86 65 246 226 307 175 128 105 175 146 105 121 108 76 50 63 63 42 42 226 97
internal_count=1335 479 856 136 435 343 421 116 280 86 65 246 226 307 175 128 105 175 146 105 121 108 76 50 63 63 42 42 226 97
is_linear=0
shrinkage=0.1


Tree=15
num_leaves=31
num_cat=0
split_feature=0 2 1 10 5 1 1 1 7 5 1 1 2 7 3 1 6 0 2 6 8 1 11 1 10 2 0 1 7 6
split_gain=2.2548e+06 400787 365650 78545.9 66405.1 41430.3 29834.3 13026.1 7223.58 6241.21 6141.96 6049.85 3724.97 5600.78 3898.91 3339.07 3333.32 3250.79 3247.2 2870.09 2531.62 2492.06 1810.64 1672.97 1662.44 1381.02 1337.62 1239.8 1044.28 1992.53
threshold=523.70500000000004 772.30500000000018 324.41500000000002 16276600000.000002 199.61500000000004 682.1350000000001 415.25000000000006 916.18500000000006 2.5000000000000004 615.98000000000013 272.26500000000004 469.42500000000007 734.02500000000009 1.5000000000000002 74391750.000000015 840.83000000000004 566.35000000000014 136.84000000000003 363.06000000000006 478.13500000000005 9.5000000000000018 612.40500000000009 6761410000.000001 632.95000000000016 5631890000.000001 414.94000000000005 96.365000000000009 243.51000000000002 3.5000000000000004 585.56500000000017
decision_type=2 2 2 2 2 2 2 2 2 2 2 2 2 2 2 2 2 2 2 2 2 2 2 2 2 2 2 2 2 2
left_child=2 5 4 7 17 9 18 15 -9 16 27 22 13 -7 -15 -3 -2 26 -4 -13 23 28 24 -11 -8 -26 -1 -6 -18 -30
right_child=1 3 6 -5 10 12 11 8 -10 20 -12 19 -14 14 -16 -17 21 -19 -20 -21 -22 -23 -24 -25 25 -27 -28 -29 29 -31
leaf_value=-7.8619722684224449 1.4515718978643417 6.8629993958906699 -2.3843463652435388 14.71406660715739 -4.7354904806110225 3.7518989872932438 0.077216039892906943 11.471408664612543 8.9777965233876156 2.7461924288559842 -3.5489794242812929 1.6314684820175172 6.4829832585652669 6.7887134552001953 4.814148879051209 8.4738629506480319 2.3887632135360959 -5.8156278991699217 -1.4957799867177624 0.1580480066056435 4.6019529776139692 3.8650891494750983 0.047618522743384045 3.6826751791513885 -1.4637012216779921 -0.6482655895418592 -7.0154614493960423 -4.2642462212106462 3.7247320084344775 2.3629234844988045
leaf_weight=24 20 22 87 30 142 20 24 21 26 27 83 20 30 20 20 31 63 20 78 39 22 20 45 65 27 90 84 92 21 22
leaf_count=24 20 22 87 30 142 20 24 21 26 27 83 20 30 20 20 31 63 20 78 39 22 20 45 65 27 90 84 92 21 22
internal_value=-2.45646e-09 5.485 -3.0793 10.2263 -5.0643 3.72394 -0.924838 8.87998 10.092 3.08382 -4.28806 -0.224794 5.57316 5.11825 5.80143 7.8052 2.65088 -6.98671 -1.9643 0.657513 3.63828 2.84125 -0.504666 3.40784 -0.680927 -0.836443 -7.20357 -4.55021 2.64807 3.02799
internal_weight=1335 480 855 130 445 350 410 100 47 260 317 245 90 60 40 53 146 128 165 59 114 126 186 92 141 117 108 234 106 43
internal_count=1335 480 855 130 445 350 410 100 47 260 317 245 90 60 40 53 146 128 165 59 114 126 186 92 141 117 108 234 106 43
is_linear=0
shrinkage=0.1


Tree=16
num_leaves=31
num_cat=0
split_feature=5 1 1 1 6 8 1 2 0 1 1 6 1 10 2 2 8 4 2 6 8 8 1 2 11 10 10 0 7 2
split_gain=1.82756e+06 328846 297572 68997.3 58958.3 31406.9 18353.7 15436.2 14343.2 9231.02 7934.16 4351.55 3938.1 3538.49 2619.92 2581.33 2555.64 2014.11 1710.21 1671.32 1610.48 1468.15 1384.51 1296.76 1295.83 1787.85 2340.38 1213.1 1105.45 1053.48
threshold=523.64000000000021 790.48500000000013 338.50500000000005 1069.7450000000001 198.39000000000001 10.500000000000002 425.46000000000009 852.5200000000001 823.5200000000001 642.21500000000015 283.63000000000005 915.7700000000001 500.52000000000004 5739795000.000001 600.43000000000018 122.41500000000001 4.5000000000000009 673.22500000000014 239.89000000000001 347.32500000000005 6.5000000000000009 9.5000000000000018 583.2750000000002 350.34500000000008 6945365000.000001 5714260000.000001 6114720000.000001 659.91500000000008 2.5000000000000004 730.07000000000005
decision_type=2 2 2 2 2 2 2 2 2 2 2 2 2 2 2 2 2 2 2 2 2 2 2 2 2 2 2 2 2 2
left_child=2 5 4 7 15 9 13 8 -3 14 18 -9 24 19 16 -1 -2 27 -6 -4 -18 -12 -22 -21 25 -8 -27 -11 -16 -7
right_child=1 3 6 -5 10 29 12 11 -10 17 21 -13 -14 -15 28 -17 20 -19 -20 23 22 -23 -24 -25 -26 26 -28 -29 -30 -31
leaf_value=-6.692101113001506 1.1549387846674237 8.5125285001901485 -1.0327976319678127 13.63282368933713 -4.2345072974701843 4.9236707268339224 0.31427270616254499 8.1045243219895795 5.2779449693087876 3.6789856742410105 -3.321678957125036 9.9314984202384959 0.98771768202704768 -0.84872287823193115 2.5122926964479335 -5.7822380690141166 2.9020728879504736 4.556238790154457 -3.7048333692053954 -2.6246172861619428 1.424334005876021 -2.4646289681776978 2.4164641306950498 -1.7459385256086226 0.39753695240727183 -1.5242609198391439 -0.33070335776909543 2.7600673002004625 3.3021693203900315 5.7424461873372401
leaf_weight=72 21 26 25 27 167 33 31 22 29 51 41 32 31 67 34 55 36 20 96 22 22 39 39 71 27 20 92 20 37 30
leaf_count=72 21 26 25 27 167 33 31 22 29 51 41 32 31 67 34 55 36 20 96 22 22 39 39 71 27 20 92 20 37 30
internal_value=3.28865e-09 4.94612 -2.76775 9.1072 -4.45743 3.29625 -0.710369 7.98618 6.80702 2.84235 -3.77591 9.18718 -0.0488295 -1.42912 2.44394 -6.29807 2.15513 3.66983 -4.04117 -1.75867 2.37167 -2.90387 2.05865 -1.9538 -0.237847 -0.357814 -0.543839 3.42014 2.92392 5.31356
internal_weight=1335 479 856 136 470 343 386 109 55 280 343 54 201 185 189 127 118 91 263 118 97 80 61 93 170 143 112 71 71 63
internal_count=1335 479 856 136 470 343 386 109 55 280 343 54 201 185 189 127 118 91 263 118 97 80 61 93 170 143 112 71 71 63
is_linear=0
shrinkage=0.1


Tree=17
num_leaves=31
num_cat=0
split_feature=1 2 1 11 2 2 2 2 2 10 10 1 5 8 1 3 2 8 11 8 6 8 1 2 6 2 11 6 3 1
split_gain=1.48084e+06 258499 246564 56730.6 47987.8 25637.3 15828.3 12648 6815.05 6506.12 6660.49 5003.53 11380 4372.43 4318.27 2091.41 2979.38 2379.28 1587.67 1488.24 1424.21 1345.1 1302.31 1180.84 1084.32 1049.02 809.177 1710.62 1359.47 756.807
threshold=562.10000000000014 772.30500000000018 338.50500000000005 16962500000.000002 173.15500000000003 646.6400000000001 407.30000000000007 920.3850000000001 261.39000000000004 9540890000.0000019 10726700000.000002 840.83000000000004 846.22500000000014 4.5000000000000009 491.90500000000003 9049995.0000000019 600.43000000000018 4.5000000000000009 1422150000.0000002 10.500000000000002 588.77500000000009 7.5000000000000009 387.66500000000008 226.76500000000001 347.32500000000005 363.06000000000006 6671430000.000001 447.98500000000007 56442550.000000007 632.95000000000016
decision_type=2 2 2 2 2 2 2 2 2 2 2 2 2 2 2 2 2 2 2 2 2 2 2 2 2 2 2 2 2 2
left_child=2 5 4 7 18 15 22 11 23 -7 -11 -3 -13 26 -15 -2 17 -17 -1 -10 21 -19 24 -6 -4 -26 27 28 -8 -18
right_child=1 3 6 -5 8 9 13 -9 19 10 -12 12 -14 14 -16 16 29 20 -20 -21 -22 -23 -24 -25 25 -27 -28 -29 -30 -31
leaf_value=-6.06637573820172 3.3889871244845184 5.461916281960228 -1.0395788173231741 13.192523593902587 -4.0384307164412281 5.9328465189252588 0.079992862394259831 9.1537051884333298 -3.0038257525517391 2.7702559892336529 4.6286390260413839 9.1638647031784064 6.2168719517557243 -0.0061292320276673347 1.3989531114183624 1.0598239526862192 2.481010861490287 3.2250818777084351 -5.3352331797281902 -2.1939641725271941 1.7641986873414781 2.1731999920260523 -1.0568950633491789 -3.564846642517749 -2.1916680877273147 -1.3959325137237708 0.031465150451376322 -1.4262623987414622 -0.80228008955717101 3.0134935012885506
leaf_weight=66 23 22 23 20 78 21 31 30 78 30 54 20 38 89 29 21 51 20 54 32 36 31 70 162 37 30 21 22 40 56
leaf_count=66 23 22 23 20 78 21 31 30 78 30 54 20 38 89 29 21 51 20 54 32 36 31 70 162 37 30 21 22 40 56
internal_value=5.60791e-09 4.49611 -2.46712 8.2934 -4.01168 3.0569 -0.615222 7.40265 -3.42002 4.35851 3.96493 6.74601 7.23308 -0.0875185 0.339188 2.48266 2.3857 2.01517 -5.73736 -2.76823 2.24577 2.5857 -1.38039 -3.71876 -1.632 -1.83537 -0.529197 -0.655798 -0.417062 2.75969
internal_weight=1335 473 862 130 470 343 392 110 350 105 84 80 58 232 118 238 215 108 120 110 87 51 160 240 90 67 114 93 71 107
internal_count=1335 473 862 130 470 343 392 110 350 105 84 80 58 232 118 238 215 108 120 110 87 51 160 240 90 67 114 93 71 107
is_linear=0
shrinkage=0.1


Tree=18
num_leaves=31
num_cat=0
split_feature=5 1 6 11 4 2 1 1 6 8 1 5 1 3 10 1 5 0 8 5 8 6 3 2 7 2 1 8 1 1
split_gain=1.20021e+06 217492 195171 50042.6 34949.7 17060.6 15883.3 12587.3 6439.48 4219.28 3941 7684.09 3843.63 2621.48 2942.9 2195.17 2047.3 4783.53 1854.47 1731.01 1969.1 1394.55 1341.64 1134.09 1465.27 1063.35 973.288 972.269 1325.02 966.375
threshold=523.64000000000021 777.63000000000011 312.03500000000003 16962500000.000002 137.73500000000004 389.91500000000002 655.75500000000011 916.18500000000006 988.59000000000003 9.5000000000000018 458.57500000000005 454.85000000000008 247.67000000000004 10497550.000000002 7646140000.000001 352.97500000000008 796.47000000000014 844.31500000000017 9.5000000000000018 368.57000000000005 9.5000000000000018 491.78500000000003 18858650.000000004 267.34500000000008 1.5000000000000002 730.07000000000005 606.29500000000019 3.5000000000000004 454.64500000000004 446.88000000000005
decision_type=2 2 2 2 2 2 2 2 2 2 2 2 2 2 2 2 2 2 2 2 2 2 2 2 2 2 2 2 2 2
left_child=2 6 4 7 -1 15 13 16 -9 -8 27 -12 -6 -2 -15 -4 -3 -18 23 -17 -21 -13 -22 24 -14 -11 -16 -7 29 -29
right_child=1 3 5 -5 12 10 9 8 -10 25 11 21 18 14 26 19 17 -19 -20 20 22 -23 -24 -25 -26 -27 -28 28 -30 -31
leaf_value=-5.2642505470765846 3.1101076103392105 4.7277167940139773 -2.0251978881218853 11.873271217346193 -3.4987527765692237 -0.767781772782966 2.9148769642367509 8.4002401245964915 6.1967970110121229 3.7456750654257265 2.0970234322547916 -0.52264680135517549 -3.944876525515602 1.1199031856324939 1.8382464876083227 -0.67376849393586857 6.74885487392031 4.7385663127899171 -2.064361381530762 -0.92209466966715736 -1.3390688598155975 0.42283920278915998 -2.4480481346448264 -2.6233891763687134 -2.93676655707152 4.6029835659524672 2.3549671598227628 -0.34612021498658041 -0.99898412913084034 0.36175236081083617
leaf_weight=109 21 20 51 20 187 62 66 36 21 39 20 39 21 36 65 37 29 20 27 33 20 26 24 50 46 23 83 54 20 30
leaf_count=109 21 20 51 20 187 62 66 36 21 39 20 39 21 36 65 37 29 20 27 33 20 26 24 50 46 23 83 54 20 30
internal_value=1.3997e-09 4.00826 -2.24294 7.22636 -3.71116 -0.690017 2.59732 6.48876 7.58845 3.47134 -0.170793 0.382954 -3.19972 2.0516 1.93079 -1.47987 5.58033 5.92833 -2.8114 -1.2359 -1.50602 -0.144452 -1.94397 -2.98379 -3.25274 4.06371 2.12803 -0.454338 -0.267477 -0.0933086
internal_weight=1335 479 856 146 440 416 333 126 57 128 251 85 331 205 184 165 69 49 144 114 77 65 44 117 67 62 148 166 104 84
internal_count=1335 479 856 146 440 416 333 126 57 128 251 85 331 205 184 165 69 49 144 114 77 65 44 117 67 62 148 166 104 84
is_linear=0
shrinkage=0.1


Tree=19
num_leaves=31
num_cat=0
split_feature=1 2 1 1 5 8 2 5 10 11 11 8 1 7 7 2 4 2 2 2 3 2 2 3 7 11 10 5 8 6
split_gain=973262 189040 140555 44746.5 26461.5 18870.7 14534.8 13211.6 10584.3 11092.4 7248.93 4044.03 3518.06 3383.2 2552.01 2495.8 2466.59 2493.22 2014.62 1782.3 1604.42 1568.61 1518.77 1376.49 859.365 730.069 1213.54 671.175 1197.25 653.754
threshold=500.52000000000004 745.05000000000007 296.18000000000001 1049.5350000000003 199.61500000000004 10.500000000000002 510.68500000000006 387.51500000000004 12785650000.000002 10179850000.000002 10603100000.000002 1.5000000000000002 642.21500000000015 3.5000000000000004 2.5000000000000004 571.62 577.63000000000011 603.95500000000004 442.78500000000003 336.24000000000007 44814850.000000007 239.89000000000001 120.00000000000001 109351500.00000001 3.5000000000000004 5631890000.000001 6193060000.000001 365.10500000000008 3.5000000000000004 448.95500000000004
decision_type=2 2 2 2 2 2 2 2 2 2 2 2 2 2 2 2 2 2 2 2 2 2 2 2 2 2 2 2 2 2
left_child=2 5 4 8 22 6 -2 19 9 -3 -7 -11 14 -10 15 -8 -16 -18 25 24 -14 -6 -1 -22 -4 -9 -27 -21 -29 -20
right_child=1 3 7 -5 21 10 12 18 13 11 -12 -13 20 -15 16 -17 17 -19 29 27 23 -23 -24 -25 -26 26 -28 28 -30 -31
leaf_value=-4.9348121469671078 -0.28543017421449934 6.7469445574283604 -1.5957330665805125 9.7376311242580424 -3.0784910181918779 5.3044430142099213 0.45942847490310668 -0.058269433890070235 7.4480911768399753 5.0325698398408436 2.9610243974309984 3.223221511840821 2.0278116281827292 5.741550899687268 2.9438714750607811 1.7548867069441698 1.3777371151880784 2.5086602946690153 0.45121723624967763 -0.87453491342695144 3.3401811655829934 -2.6105303397254342 -4.2455508632044641 2.3627124347686768 -2.3208781682527984 -1.1358167825157153 -0.44424122374015867 -0.79373578049242499 -1.754051055134954 -0.13792394436895847
leaf_weight=66 28 20 44 32 166 22 20 28 26 21 33 30 30 21 30 58 44 35 31 38 34 126 62 25 26 34 100 20 37 48
leaf_count=66 28 20 44 32 166 22 20 28 26 21 33 30 30 21 30 58 44 35 31 38 34 126 62 25 26 34 100 20 37 48
internal_value=-5.39754e-09 3.43958 -2.11955 6.42098 -3.40209 2.19387 1.88549 -0.792778 5.52155 4.75098 3.89839 3.96825 2.10572 6.68559 1.85942 1.42272 2.17192 1.87878 -0.320772 -1.48219 2.62324 -2.87656 -4.60095 2.926 -1.86507 -0.522676 -0.619716 -1.20007 -1.4171 0.093258
internal_weight=1335 509 826 150 420 359 304 406 118 71 55 51 276 47 187 78 109 79 241 165 89 292 128 59 70 162 134 95 57 79
internal_count=1335 509 826 150 420 359 304 406 118 71 55 51 276 47 187 78 109 79 241 165 89 292 128 59 70 162 134 95 57 79
is_linear=0
shrinkage=0.1


Tree=20
num_leaves=31
num_cat=0
split_feature=1 2 1 10 1 8 2 1 1 11 8 1 7 2 4 2 6 2 2 2 3 2 4 8 3 5 2 6 3 2
split_gain=788342 153123 113933 37160.4 21941 15285.3 11773.2 10209.4 7066.88 5871.63 4545.86 2849.63 2067.13 2021.6 1997.94 2019.5 1729.86 1590.77 1507.67 1498.7 1299.58 1209.26 1184.23 1380.21 1114.96 837.475 618.927 873.73 669.612 583.167
threshold=500.52000000000004 745.05000000000007 298.14000000000004 16276600000.000002 207.20500000000001 10.500000000000002 510.68500000000006 406.77000000000004 852.54500000000019 10603100000.000002 10.500000000000002 642.21500000000015 2.5000000000000004 571.62 577.63000000000011 603.95500000000004 885.95000000000016 363.06000000000006 267.34500000000008 453.13500000000005 44814850.000000007 93.055000000000021 452.91000000000003 3.5000000000000004 109351500.00000001 783.23000000000013 228.85000000000005 221.68500000000003 24747750.000000004 132.04000000000005
decision_type=2 2 2 2 2 2 2 2 2 2 2 2 2 2 2 2 2 2 2 2 2 2 2 2 2 2 2 2 2 2
left_child=2 5 4 8 21 6 -2 17 25 -7 16 12 13 -8 -14 -16 -10 -4 26 22 -13 -1 23 -9 -22 -3 27 -6 -28 -23
right_child=1 3 7 -5 18 9 11 19 10 -11 -12 20 14 -15 15 -17 -18 -19 -20 -21 24 29 -24 -25 -26 -27 28 -29 -30 -31
leaf_value=-4.7939009666442871 -0.25688715662275041 3.5976487378279369 -1.5243775209728279 8.9268063481648774 -2.3611587825146589 4.7739986773241645 0.41348563909530639 -0.6484917709633472 4.3331342424665182 2.664921974413323 6.6551065224867605 1.8250304899613063 2.6494843069712322 1.5793980462797759 1.2399633866819471 2.2577943120683943 5.5337793622698106 -0.89300518091768033 -2.0747637359463442 0.3371149157639593 3.0061630781959088 -4.1376016127757538 -1.0018155509462723 -0.058515530323313782 2.1264411945343018 4.4623716240837465 -2.7089199815477647 -3.0946942729334679 -2.2802136297579163 -3.5739075342814126
leaf_weight=24 28 24 106 30 22 22 20 63 21 33 26 30 30 58 44 35 28 64 49 35 34 78 26 107 25 21 112 62 54 24
leaf_count=24 28 24 106 30 22 22 20 63 21 33 26 30 30 58 44 35 28 64 49 35 34 78 26 107 25 21 112 62 54 24
internal_value=-5.7313e-10 3.09562 -1.90759 5.77888 -3.0484 1.97448 1.69694 -0.698505 4.9919 3.50855 5.58633 1.89515 1.67348 1.28045 1.95473 1.6909 5.01922 -1.28668 -2.58198 -0.265646 2.36092 -4.15524 -0.373282 -0.277154 2.6334 4.00119 -2.68139 -2.90258 -2.56946 -4.00497
internal_weight=1335 509 826 150 425 359 304 401 120 55 75 276 187 78 109 79 49 170 299 231 89 126 196 170 59 45 250 84 166 102
internal_count=1335 509 826 150 425 359 304 401 120 55 75 276 187 78 109 79 49 170 299 231 89 126 196 170 59 45 250 84 166 102
is_linear=0
shrinkage=0.1


Tree=21
num_leaves=31
num_cat=0
split_feature=1 2 6 1 5 8 2 2 7 5 0 6 11 1 7 2 4 2 1 1 5 11 1 11 3 10 11 3 8 1
split_gain=638557 124029 92417.1 31791.9 18885.5 12381.1 9536.28 9332.72 8135.25 7156.43 5338.54 4839.25 4313.52 2308.2 1674.37 1637.5 1618.33 1635.8 1546.78 1281.73 1383.52 1324.26 1193.79 1060.05 1052.66 925.835 1355.67 903.114 865.275 572.547
threshold=500.52000000000004 745.05000000000007 312.03500000000003 1121.3200000000004 199.61500000000004 10.500000000000002 510.68500000000006 852.5200000000001 2.5000000000000004 405.8300000000001 704.15500000000009 803.61000000000013 14581300000.000002 642.21500000000015 2.5000000000000004 571.62 577.63000000000011 603.95500000000004 283.63000000000005 352.97500000000008 365.10500000000008 5739795000.000001 426.76000000000005 1422150000.0000002 44814850.000000007 5714260000.000001 6261205000.000001 109351500.00000001 3.5000000000000004 239.46500000000003
decision_type=2 2 2 2 2 2 2 2 2 2 2 2 2 2 2 2 2 2 2 2 2 2 2 2 2 2 2 2 2 2
left_child=2 5 4 7 23 6 -2 8 -3 19 -7 -10 -9 14 15 -8 -16 -18 29 -4 -21 -22 -11 -1 -15 -24 -27 -26 -28 -6
right_child=1 3 9 -5 18 10 13 12 11 22 -12 -13 -14 24 16 -17 17 -19 -20 20 21 -23 25 -25 27 26 28 -29 -30 -31
leaf_value=-4.0093264753168283 -0.23119843572910345 5.1217806475503105 -1.4922943575709473 8.7126014145937827 -2.5494009967577664 4.4610111498832703 0.37213708639144899 6.62971751906655 3.9707599526359925 -0.60289593256477803 2.4129466043199814 1.7972777700424196 4.8615240406345679 1.6425274222095809 2.384535898168882 1.4214582245411544 1.1159670608840482 2.0320148508889337 -1.7842295270340118 -0.36487219784940994 -1.357007336225666 -0.46658301819925729 0.46745201393410013 -3.4334877783252349 2.70554674653446 -0.91212974857716334 -0.50680244493073434 1.9137970924377443 0.1277216877889292 -2.2518119744904395
leaf_weight=66 28 28 51 22 118 20 20 22 21 56 35 20 37 30 30 58 44 35 51 35 61 23 27 62 34 21 29 25 83 143
leaf_count=66 28 28 51 22 118 20 20 22 21 56 35 20 37 30 30 58 44 35 51 35 61 23 27 62 34 21 29 25 83 143
internal_value=-2.1744e-09 2.78606 -1.71683 5.20099 -2.70756 1.77704 1.52724 4.59743 3.80785 -0.587509 3.1577 2.91052 5.52085 1.70564 1.50613 1.1524 1.75926 1.52181 -2.28793 -1.07286 -0.893104 -1.1132 -0.205519 -3.7304 2.12482 -0.0664368 -0.17482 2.37006 -0.0365747 -2.38635
internal_weight=1335 509 826 150 440 359 304 128 69 386 55 41 59 276 187 78 109 79 312 170 119 84 216 128 89 160 133 59 112 261
internal_count=1335 509 826 150 440 359 304 128 69 386 55 41 59 276 187 78 109 79 312 170 119 84 216 128 89 160 133 59 112 261
is_linear=0
shrinkage=0.1


Tree=22
num_leaves=31
num_cat=0
split_feature=1 2 6 10 4 8 2 5 7 8 0 8 1 1 0 8 8 1 11 11 7 2 10 8 1 3 6 7 6 1
split_gain=517231 100464 74857.8 26311.6 15429.4 10028.7 7724.39 5796.71 5606.18 11501.4 4324.22 3921.69 1869.64 1649.75 1411.26 3173.08 1307.47 1106.17 2126.49 1113.16 1005.34 998.379 963.746 904.8 961.715 891.764 871.012 827.656 819.327 1189.35
threshold=500.52000000000004 745.05000000000007 312.03500000000003 16276600000.000002 137.73500000000004 10.500000000000002 510.68500000000006 405.8300000000001 2.5000000000000004 10.500000000000002 704.15500000000009 1.5000000000000002 642.21500000000015 247.67000000000004 569.7700000000001 4.5000000000000009 9.5000000000000018 360.67000000000007 4953285000.000001 5240410000.000001 2.5000000000000004 442.78500000000003 3783980000.0000005 7.5000000000000009 587.02500000000009 37204200.000000007 594.06500000000017 4.5000000000000009 433.49000000000007 426.76000000000005
decision_type=2 2 2 2 2 2 2 2 2 2 2 2 2 2 2 2 2 2 2 2 2 2 2 2 2 2 2 2 2 2
left_child=2 5 4 8 -1 6 -2 17 9 -3 -7 -10 14 -6 -8 -16 20 -4 -19 -20 22 28 -15 26 -25 -14 -17 -27 29 -9
right_child=1 3 7 -5 13 10 12 21 11 -11 -12 -13 25 16 15 23 -18 18 19 -21 -22 -23 -24 24 -26 27 -28 -29 -30 -31
leaf_value=-3.4687285677008677 -0.20807860206280437 3.6074917347200457 -1.3065598658240232 7.3297455151875814 -2.2928940858432951 4.014910092353821 2.0890853985496189 -0.4754541271924973 4.2417088627815245 6.6833411312103266 2.1716519723619734 2.7299401541013975 1.3427354358491446 -2.7818671012918159 0.072359644770622261 2.2618744683265688 -1.2153163622926784 0.12942134958880377 -1.472790062475589 -0.72822740747871118 -1.7296491240010117 0.098151171018805689 -1.91094577577379 0.6089416401088239 1.3964926089065663 2.3214508945954608 1.4346100616880826 1.5663223414194016 -0.66578973502505068 0.27836623373958796
leaf_weight=109 28 31 61 30 187 20 23 50 32 20 35 37 21 24 20 20 27 21 31 57 66 79 27 20 69 47 35 21 51 36
leaf_count=109 28 31 61 30 187 20 23 50 32 20 35 37 21 24 20 20 27 21 31 57 66 79 27 20 69 47 35 21 51 36
internal_value=-2.89944e-09 2.50745 -1.54515 4.68089 -2.4368 1.59933 1.37452 -0.528758 4.01868 4.81371 2.84193 3.43105 1.53507 -2.09698 1.35552 1.25264 -1.84257 -0.965575 -0.774749 -0.990517 -1.98733 -0.184967 -2.32079 1.41657 1.21951 1.91234 1.73543 2.08825 -0.348225 -0.159901
internal_weight=1335 509 826 150 440 359 304 386 120 51 55 69 276 331 187 164 144 170 109 88 117 216 51 144 89 89 55 68 137 86
internal_count=1335 509 826 150 440 359 304 386 120 51 55 69 276 331 187 164 144 170 109 88 117 216 51 144 89 89 55 68 137 86
is_linear=0
shrinkage=0.1


Tree=23
num_leaves=31
num_cat=0
split_feature=1 1 1 1 2 2 2 7 8 3 11 0 3 2 7 1 8 2 11 2 1 6 1 8 6 1 2 5 10 6
split_gain=418957 83393.9 60703.7 16721.4 15095.1 11187.4 6604.12 3924.28 5832.52 3684.48 3420.14 2938.47 5409.03 4810.5 2404.21 2118.43 1513.47 1071.44 996.661 986.27 865.148 1194.26 764.311 717.79 746.33 1383.19 707.156 651.977 618.098 616.03
threshold=500.52000000000004 852.54500000000019 292.53500000000003 1121.3200000000004 646.6400000000001 173.15500000000003 375.33500000000004 3.5000000000000004 1.5000000000000002 38434350.000000007 10853450000.000002 651.46500000000003 9435325.0000000019 510.68500000000006 3.5000000000000004 642.21500000000015 4.5000000000000009 442.78500000000003 7671265000.000001 608.46000000000015 338.50500000000005 347.32500000000005 99.330000000000013 11.500000000000002 442.68500000000006 426.76000000000005 226.76500000000001 229.79500000000004 6506625000.000001 448.95500000000004
decision_type=2 2 2 2 2 2 2 2 2 2 2 2 2 2 2 2 2 2 2 2 2 2 2 2 2 2 2 2 2 2
left_child=2 4 5 7 11 22 20 8 -3 -6 -11 12 -2 -14 -12 16 -15 23 -18 -20 -4 -22 -1 24 25 -8 27 -7 -27 -19
right_child=1 3 6 -5 9 26 17 -9 -10 10 14 -13 13 15 -16 -17 18 29 19 -21 21 -23 -24 -25 -26 28 -28 -29 -30 -31
leaf_value=-3.5709510723749798 2.7678194248540837 3.5901760711669923 -1.3339093406001727 7.1949377000331882 3.5514910120230456 -2.0058031809741053 -0.5765055037207073 3.2896153409140454 5.7502724603414537 1.4810880433290432 3.1926649789552433 0.038609518891289121 -0.12746766209602356 0.38622241832993254 1.9516041040420533 2.0846074153637066 1.8800733701042507 0.43581383468643314 0.98683749615818595 1.5934065250973954 -0.2546030047535896 -1.0464283265173435 -2.9400162726640704 0.19124394342125883 -0.92019470167847794 0.49480574631386187 -1.8234155385913153 -2.6679196166992192 -0.25479923866011878 -0.13607668268183867
leaf_weight=24 22 25 60 22 26 58 81 35 25 39 37 21 27 22 27 29 23 31 91 38 25 80 96 21 26 22 212 20 22 48
leaf_count=24 22 25 60 22 26 58 81 35 25 39 37 21 27 22 27 29 23 31 91 38 25 80 96 21 26 22 212 20 22 48
internal_value=-2.75169e-09 2.25671 -1.39064 4.73772 1.59634 -2.25415 -0.53957 4.10174 4.67022 2.48778 2.21927 1.17511 1.26982 1.12653 2.66909 1.29332 1.16144 -0.216523 1.27364 1.16552 -1.03099 -0.857898 -3.0662 -0.356545 -0.432728 -0.331334 -1.91813 -2.17558 0.120003 0.0883361
internal_weight=1335 509 826 107 402 410 416 85 50 129 103 273 252 230 64 203 174 251 152 129 165 105 120 172 151 125 290 78 44 79
internal_count=1335 509 826 107 402 410 416 85 50 129 103 273 252 230 64 203 174 251 152 129 165 105 120 172 151 125 290 78 44 79
is_linear=0
shrinkage=0.1


Tree=24
num_leaves=31
num_cat=0
split_feature=1 1 6 11 2 5 5 0 2 3 0 3 2 11 1 5 7 6 1 8 11 11 3 2 5 11 2 8 7 2
split_gain=339356 67549 49268 14118.8 12227 10275.3 3931.65 3866.47 9032.92 3011.83 2380.16 4381.32 3896.5 2133.56 1715.93 1641.23 1522.5 1344.39 1484.77 1225.91 1170.6 937.604 886.42 880.895 835.371 714.617 703.686 678.003 652.464 943.507
threshold=500.52000000000004 852.54500000000019 312.03500000000003 16962500000.000002 646.6400000000001 199.61500000000004 387.51500000000004 873.18500000000006 910.78000000000009 22152550.000000004 651.46500000000003 9435325.0000000019 510.68500000000006 10351800000.000002 642.21500000000015 701.94500000000005 3.5000000000000004 383.39000000000004 360.67000000000007 4.5000000000000009 4953285000.000001 6945365000.000001 85664050.000000015 271.08500000000009 575.0100000000001 3073080000.0000005 93.055000000000021 11.500000000000002 1.0000000180025095e-35 453.60000000000008
decision_type=2 2 2 2 2 2 2 2 2 2 2 2 2 2 2 2 2 2 2 2 2 2 2 2 2 2 2 2 2 2
left_child=2 4 5 7 10 26 17 -3 -9 -6 11 -2 -13 -11 19 -15 -17 18 27 -14 -20 28 24 25 -21 -7 -1 -4 -8 -30
right_child=1 3 6 -5 9 23 21 8 -10 13 -12 12 14 15 -16 16 -18 -19 20 22 -22 -23 -24 -25 -26 -27 -28 -29 29 -31
leaf_value=-3.21749701499939 2.4910375481302087 4.8590799981897526 -0.83683206991451553 6.6597590065002441 3.3670226120948792 -1.2010130917484112 0.1669068200979382 2.0520506305495898 4.4167508888244624 1.199408826728662 0.034748522440592448 -0.11472090880076091 0.34760016636414964 1.5665706217288973 1.8761466782668543 2.9733277279990062 1.9630913230089044 -1.5996931167040023 0.25415705040097242 1.8209148475102017 -0.66852526124566802 0.37584543647589508 0.54312843169484826 -1.3137817323207857 1.1326282230019569 -1.7973588748353309 -2.6167769514597379 -1.5470205819606782 -0.40496119170779399 0.30770413275985492
leaf_weight=24 22 22 41 20 20 22 32 30 35 24 21 27 22 24 29 35 26 20 20 21 44 27 21 58 110 232 104 20 161 21
leaf_count=24 22 22 41 20 20 22 32 30 35 24 21 27 22 24 29 35 26 20 20 21 44 27 21 58 110 232 104 20 161 21
internal_value=-2.19318e-09 2.03104 -1.25157 4.26395 1.4367 -1.97494 -0.427006 3.71319 3.32535 2.239 1.0576 1.14284 1.01388 2.03202 1.16399 2.26711 2.54274 -0.838458 -0.71666 1.04529 -0.380187 -0.179453 1.14628 -1.66541 1.24296 -1.74571 -2.72941 -1.06968 -0.249514 -0.322731
internal_weight=1335 509 826 107 402 440 386 87 65 129 273 252 230 109 203 85 61 145 125 174 64 241 152 312 131 254 128 61 214 182
internal_count=1335 509 826 107 402 440 386 87 65 129 273 252 230 109 203 85 61 145 125 174 64 241 152 312 131 254 128 61 214 182
is_linear=0
shrinkage=0.1


Tree=25
num_leaves=31
num_cat=0
split_feature=1 1 1 1 2 4 2 6 2 3 10 0 3 2 2 7 0 10 11 2 7 1 6 3 3 0 10 8 2 5
split_gain=274878 54714.7 39939.7 11574.8 9903.87 7531.1 4473.58 3428.27 5190.32 2588.75 2260.99 1927.93 3548.87 3156.17 1460.01 1190.54 923.91 2126.12 782.184 710.084 631.688 521.779 906.401 510.826 583.84 997.715 708.985 537.517 492.078 777.076
threshold=500.52000000000004 852.54500000000019 292.53500000000003 1121.3200000000004 646.6400000000001 137.73500000000004 375.33500000000004 846.22500000000014 891.99000000000012 38434350.000000007 10726700000.000002 651.46500000000003 9435325.0000000019 510.68500000000006 612.08500000000015 3.5000000000000004 569.7700000000001 7646140000.000001 6945365000.000001 226.76500000000001 2.5000000000000004 338.50500000000005 347.32500000000005 11638100.000000002 44375600.000000007 458.40000000000003 5714260000.000001 11.500000000000002 350.34500000000008 382.39500000000004
decision_type=2 2 2 2 2 2 2 2 2 2 2 2 2 2 2 2 2 2 2 2 2 2 2 2 2 2 2 2 2 2
left_child=2 4 5 7 11 -1 21 -3 -9 -6 -11 12 -2 -14 16 -12 -15 -18 23 -7 -10 -4 -23 -8 25 26 -25 -26 -24 -30
right_child=1 3 6 -5 9 19 18 8 20 10 15 -13 13 14 -16 -17 17 -19 -20 -21 -22 22 28 24 27 -27 -28 -29 29 -31
leaf_value=-2.5390573624077195 2.2419337511062625 4.3209020877877871 -1.0757875861537953 5.8819429657676006 2.9067242703758756 -1.8059915472952168 0.18524321824885334 1.5893517565727233 3.9565292209386826 1.1508580187956492 2.5017120449166548 0.031273678370884489 -0.10324881496252838 1.4772455182942479 1.4767981816017839 1.6509291642698749 -0.071173773209253943 0.97691795442998408 0.33826089711100971 -1.4694218078294314 3.1712597320477172 -0.18053493362665177 -1.2730547742410141 -0.42221475352843607 -0.25455574528599273 0.046232691358612937 -1.1601732046707818 0.27347281252344452 -0.4208950703058924 -1.1691470939180124
leaf_weight=109 22 24 60 22 26 89 26 20 20 36 38 21 27 22 57 29 24 100 27 212 21 25 22 30 98 23 23 24 35 23
leaf_count=109 22 24 60 22 26 89 26 20 20 36 38 21 27 22 57 29 24 100 27 212 21 25 22 30 98 23 23 24 35 23
internal_value=-2.11881e-09 1.82793 -1.12641 3.83756 1.29303 -1.82685 -0.436083 3.30842 2.91007 2.0151 1.79003 0.951839 1.02855 0.91249 1.04759 2.13346 0.880021 0.774061 -0.170202 -1.56894 3.55432 -0.840543 -0.706117 -0.23149 -0.286213 -0.503777 -0.742461 -0.150681 -0.870361 -0.717616
internal_weight=1335 509 826 107 402 410 416 85 61 129 103 273 252 230 203 67 146 124 251 301 41 165 105 224 198 76 53 122 80 58
internal_count=1335 509 826 107 402 410 416 85 61 129 103 273 252 230 203 67 146 124 251 301 41 165 105 224 198 76 53 122 80 58
is_linear=0
shrinkage=0.1


Tree=26
num_leaves=31
num_cat=0
split_feature=1 1 6 8 5 1 3 8 6 5 3 1 7 3 6 1 11 8 8 6 11 2 6 2 4 1 2 6 6 0
split_gain=222651 44613.1 32431.8 11139.1 10039.2 6847.94 4075.6 3126.56 3258.87 2700.17 2674.55 3511.9 2566.23 1232.03 1095.92 1005.44 922.746 839.566 746.913 2308.91 1440.79 923.782 652.014 623.546 1126.95 930.732 588.987 700.436 629.027 543.319
threshold=500.52000000000004 898.21000000000015 312.03500000000003 2.5000000000000004 701.94500000000005 207.20500000000001 116352000.00000001 1.5000000000000002 773.33000000000004 387.51500000000004 9049995.0000000019 573.37000000000012 2.5000000000000004 127130500.00000001 383.39000000000004 360.67000000000007 4953285000.000001 9.5000000000000018 4.5000000000000009 626.55000000000007 7695180000.000001 607.23000000000013 588.77500000000009 453.13500000000005 452.91000000000003 446.88000000000005 267.34500000000008 281.62500000000006 261.59500000000008 96.365000000000009
decision_type=2 2 2 2 2 2 2 2 2 2 2 2 2 2 2 2 2 2 2 2 2 2 2 2 2 2 2 2 2 2
left_child=2 4 5 6 10 29 -3 -6 12 14 -2 -12 -9 18 15 -4 -17 26 19 -13 -20 22 -22 24 25 -11 28 -28 -7 -1
right_child=1 3 9 -5 7 17 -8 8 -10 23 11 13 -14 -15 -16 16 -18 -19 20 -21 21 -23 -24 -25 -26 -27 27 -29 -30 -31
leaf_value=-2.6515406449635823 1.9485124339660009 1.7846276757509814 -0.86628062314674503 5.0862628064836777 2.8996952106875757 -1.4261452962311438 3.5671489995101404 2.9574927081232487 0.79917729958318751 -0.25609677780334278 -0.032781215088489732 -0.23065469469875099 1.5319173060357572 1.7401696777343751 -1.3730476814508439 0.26430375227704644 -0.55489592057737436 -0.95097634116808583 1.7655495947057549 1.2888551974296572 0.94932658029230022 1.1216800740131967 0.37089254558086399 0.25061733499435446 -0.82133503412254738 0.25477846813749294 -0.71840064263281722 -1.4675648062848128 -1.9500970739584702 -2.1227218454959345
leaf_weight=24 24 23 61 35 31 193 29 23 26 131 39 20 28 20 20 20 44 45 22 20 38 91 40 35 26 49 24 26 26 102
leaf_count=24 24 23 61 35 31 193 29 23 26 131 39 20 28 20 20 20 44 45 22 20 38 91 40 35 26 49 24 26 26 102
internal_value=-1.13161e-09 1.64514 -1.01377 3.70705 1.22006 -1.60067 2.77873 2.05171 1.71032 -0.34477 0.934007 0.850048 2.17482 0.987221 -0.685748 -0.57578 -0.298896 -1.35077 0.922031 0.5291 1.00432 0.905225 0.652694 -0.139617 -0.205919 -0.117025 -1.41765 -1.10797 -1.48835 -2.22345
internal_weight=1335 509 826 87 422 440 52 108 77 386 314 290 51 251 145 125 64 314 231 40 191 169 78 241 206 180 269 50 219 126
internal_count=1335 509 826 87 422 440 52 108 77 386 314 290 51 251 145 125 64 314 231 40 191 169 78 241 206 180 269 50 219 126
is_linear=0
shrinkage=0.1


Tree=27
num_leaves=31
num_cat=0
split_feature=1 1 6 8 5 4 3 10 11 6 2 3 1 3 1 6 5 10 2 11 1 0 1 8 11 7 3 3 0 6
split_gain=180347 36136.6 26269.8 9022.66 8131.71 5581.09 3301.24 3016.67 3694.58 3495.41 2256.61 2166.39 2844.64 997.947 778.094 917.093 698.734 1369.02 641.72 580.154 468.416 503.008 535.424 440.645 805.971 1300.81 382.449 490.756 736.079 622.896
threshold=500.52000000000004 898.21000000000015 312.03500000000003 2.5000000000000004 701.94500000000005 137.73500000000004 116352000.00000001 10058350000.000002 11890450000.000002 818.56500000000017 375.33500000000004 9049995.0000000019 573.37000000000012 127130500.00000001 247.67000000000004 243.73000000000005 571.54000000000008 7646140000.000001 251.91000000000003 6945365000.000001 589.8900000000001 664.04500000000007 655.75500000000011 11.500000000000002 4953285000.000001 2.5000000000000004 11638100.000000002 44375600.000000007 458.40000000000003 436.48500000000007
decision_type=2 2 2 2 2 2 2 2 2 2 2 2 2 2 2 2 2 2 2 2 2 2 2 2 2 2 2 2 2 2
left_child=2 4 5 6 11 -1 -3 -6 9 -9 23 -2 -13 16 -7 -16 -14 -18 -17 26 -19 22 -22 24 25 -4 -12 28 29 -28
right_child=1 3 10 -5 7 14 -8 8 -10 -11 19 12 13 -15 15 18 17 20 -20 -21 21 -23 -24 -25 -26 -27 27 -29 -30 -31
leaf_value=-2.0612357034595736 1.7536611810326577 1.6061649063359138 0.23857615412427832 4.5776364806720187 2.8625515792680822 -1.3707704843126516 3.2104341408302042 1.691561634612806 2.4200921382755043 0.016174551248550415 0.17483355895831035 -0.029503096176836736 1.3798114410468512 1.5661527156829835 -0.43312904730439189 -1.6526951139623467 0.028445324572649873 0.47672216861888217 -1.0572080109341473 0.30493225389056738 0.892076135948636 0.4574929918348789 1.3682181149224442 -0.95761148649634742 -0.82388562166690837 -0.76173431334587249 -0.35986479986459019 -0.10884334221482278 0.039850999998009728 -1.0607729471865155
leaf_weight=109 24 23 26 35 23 187 29 33 32 20 26 39 21 20 20 22 22 27 102 27 111 20 30 33 50 26 32 122 23 21
leaf_count=109 24 23 26 35 23 187 29 33 32 20 26 39 21 20 20 22 22 27 102 27 111 20 30 33 50 26 32 122 23 21
internal_value=-1.74126e-10 1.48063 -0.912396 3.33634 1.09805 -1.4406 2.50085 1.84654 1.57162 1.05934 -0.310293 0.840607 0.765044 0.888499 -1.23623 -1.06151 0.829828 0.774829 -1.16286 -0.13297 0.862172 0.926813 0.993383 -0.639982 -0.53722 -0.261579 -0.185752 -0.233102 -0.43257 -0.637583
internal_weight=1335 509 826 87 422 440 52 108 85 53 386 314 290 251 331 144 231 210 124 251 188 161 141 135 102 52 224 198 76 53
internal_count=1335 509 826 87 422 440 52 108 85 53 386 314 290 251 331 144 231 210 124 251 188 161 141 135 102 52 224 198 76 53
is_linear=0
shrinkage=0.1


Tree=28
num_leaves=31
num_cat=0
split_feature=1 2 1 6 11 6 3 5 11 8 2 10 11 5 3 8 10 3 6 11 2 6 5 0 10 7 11 11 2 4
split_gain=146081 30755 21415 9847.92 12320.8 7981.05 7888.81 5033.36 4040.05 1343.59 1301.7 2558.79 1594.9 1278.41 999.256 871.131 698.04 885.278 749.042 619.862 589.496 759.707 551.832 699.781 547.291 483.944 702.191 1106.32 481.067 535.731
threshold=500.52000000000004 910.78000000000009 338.50500000000005 703.49000000000012 10133350000.000002 1051.1450000000002 20822200.000000004 199.61500000000004 12706200000.000002 10.500000000000002 600.43000000000018 7142545000.000001 7644280000.000001 405.8300000000001 23004400.000000004 10.500000000000002 8186510000.000001 49643100.000000007 635.96500000000003 5631890000.000001 442.78500000000003 448.95500000000004 597.66500000000008 577.75500000000011 6220870000.000001 2.5000000000000004 4953285000.000001 5614680000.000001 226.76500000000001 226.93500000000003
decision_type=2 2 2 2 2 2 2 2 2 2 2 2 2 2 2 2 2 2 2 2 2 2 2 2 2 2 2 2 2 2
left_child=2 3 7 10 -5 -3 -6 -1 15 28 11 14 -13 25 -2 -8 -12 18 -18 -15 24 -22 23 -14 -21 26 -4 -28 29 -9
right_child=1 5 13 4 6 -7 8 9 -10 -11 16 12 22 19 -16 -17 17 -19 -20 20 21 -23 -24 -25 -26 -27 27 -29 -30 -31
leaf_value=-1.7992191423662007 1.7425597500801087 2.619142452408286 0.22241964712738993 3.6494078242353036 -0.49838219881057744 5.0986319343249003 0.75634503066539771 -1.1629409033627738 2.8756482590328565 -0.5034800507520375 1.3464860607559483 -0.35812454731376087 0.26731349063899229 0.44676993347704413 0.74293177518062292 1.5551905576226324 0.8783166128656138 1.0355540058987085 0.052267755922817051 -0.69095159614086155 0.50697803199291236 -0.1560792754093806 0.073188350598017371 0.92619377531111236 -0.16566510160919279 -0.64210306476360479 -0.9499473867317042 0.057091546580195433 -1.0685701839844055 -1.7633417917334517
leaf_weight=128 20 34 20 28 20 21 20 42 22 38 36 27 27 20 20 43 23 86 21 25 27 48 21 40 96 76 24 20 239 23
leaf_count=128 20 34 20 28 20 21 20 42 22 38 36 27 27 20 20 43 23 86 21 25 27 48 21 40 96 76 24 20 239 23
internal_value=3.45392e-10 1.33256 -0.821156 1.06201 1.78556 3.56586 1.28854 -1.2643 1.70899 -1.0641 0.76222 0.553823 0.314198 -0.236107 1.24275 1.30159 0.956808 0.848897 0.484066 -0.0835446 -0.137658 0.0826214 0.520479 0.660675 -0.274195 -0.471488 -0.268883 -0.492202 -1.13417 -1.37539
internal_weight=1335 509 826 454 133 55 105 470 85 342 321 155 115 356 40 63 166 130 44 216 196 75 88 67 121 140 64 44 304 65
internal_count=1335 509 826 454 133 55 105 470 85 342 321 155 115 356 40 63 166 130 44 216 196 75 88 67 121 140 64 44 304 65
is_linear=0
shrinkage=0.1


Tree=29
num_leaves=31
num_cat=0
split_feature=5 1 1 10 6 10 6 1 0 3 10 10 2 11 3 8 8 3 6 10 4 1 7 3 8 11 7 2 1 8
split_gain=118806 24295.7 19468.3 8264.99 5741.59 4111.92 3509.27 3752.55 3409.48 1706.47 1621.66 2166.72 1248.62 1193.66 1172.04 1147.48 1107.78 828.99 616.118 642.436 580.567 567.197 499.368 557.783 1033.6 938.686 715.617 490.046 454.22 427.916
threshold=523.64000000000021 774.61500000000012 338.50500000000005 16276600000.000002 803.61000000000013 2556150000.0000005 896.92500000000007 964.74000000000012 844.31500000000017 6587125.0000000009 7319405000.000001 7646140000.000001 646.6400000000001 6036690000.000001 14151500.000000002 10.500000000000002 9.5000000000000018 25053550.000000004 491.78500000000003 6947615000.000001 448.19000000000005 657.75000000000011 5.5000000000000009 13341150.000000002 8.5000000000000018 5723045000.000001 2.5000000000000004 617.81500000000017 107.575 1.5000000000000002
decision_type=2 2 2 2 2 2 2 2 2 2 2 2 2 2 2 2 2 2 2 2 2 2 2 2 2 2 2 2 2 2
left_child=2 10 5 4 -3 28 8 -8 -6 -4 -2 -12 14 22 27 29 -14 -16 19 20 -15 -19 23 -11 25 -25 -26 -13 -1 -7
right_child=1 3 9 -5 6 15 7 -9 -10 13 11 12 16 18 17 -17 -18 21 -20 -21 -22 -23 -24 24 26 -27 -28 -29 -30 -31
leaf_value=-1.8827242306300573 1.5875812800034232 3.0008406043880518 0.72001478642225269 3.7965617688496907 1.788890221118927 -1.3741407143076261 3.0417886601252988 1.1729292563029698 -0.015135338089682841 -0.8983899380321857 -0.19519782811403275 0.51332236988977953 0.68331347550664634 -0.094640620488011959 1.2757693221526487 -0.41090080056871686 1.4168433732390406 0.57933570641137311 0.42660606114760696 0.30467842433216247 -0.55888965974251437 1.1486447892018727 0.023282049782574178 0.50508860513567932 -0.3039650652466751 -0.46376954436302187 -0.89479638229056102 -0.17061577022075655 -1.4844574937555526 -0.9762546145790445
leaf_weight=42 23 36 20 30 20 30 22 21 22 27 24 22 35 107 28 35 50 105 23 29 36 21 22 20 41 20 41 20 90 273
leaf_count=42 23 36 20 30 20 30 22 21 22 27 24 22 35 107 28 35 50 105 23 29 36 21 22 20 41 20 41 20 90 273
internal_value=-1.00262e-09 1.2611 -0.705683 2.31075 1.94236 -1.13787 1.49407 2.12909 0.843924 -0.179445 0.777872 0.716811 0.794706 -0.228596 0.655888 -0.953027 1.1148 0.783593 -0.0594818 -0.124482 -0.211515 0.674221 -0.421445 -0.48711 -0.396089 0.0206595 -0.599381 0.187638 -1.61118 -1.01565
internal_weight=1335 479 856 151 121 470 85 43 42 386 328 305 281 366 196 338 85 154 195 172 143 126 171 149 122 40 82 42 132 303
internal_count=1335 479 856 151 121 470 85 43 42 386 328 305 281 366 196 338 85 154 195 172 143 126 171 149 122 40 82 42 132 303
is_linear=0
shrinkage=0.1


Tree=30
num_leaves=31
num_cat=0
split_feature=1 1 1 3 0 2 8 1 4 2 7 11 2 2 4 10 8 6 7 7 3 6 10 11 10 11 3 3 5 8
split_gain=96442.1 22570.6 12313.2 5568.85 6524.96 9410.93 3742.89 3211.07 2551.72 2295.4 2258.99 2054.78 2170.04 1614.49 1104.86 1302.29 849.781 564.026 563.884 776.135 1598.35 1060.78 585.444 801.43 397.38 582.628 458.799 473.68 387.991 360.598
threshold=469.42500000000007 852.54500000000019 283.63000000000005 116352000.00000001 873.18500000000006 910.78000000000009 9.5000000000000018 1012.5150000000001 137.73500000000004 510.68500000000006 2.5000000000000004 9620055000.0000019 652.45000000000016 363.06000000000006 566.80000000000007 7558620000.000001 7.5000000000000009 735.49000000000012 1.0000000180025095e-35 3.5000000000000004 60979200.000000007 635.96500000000003 10250700000.000002 8248100000.000001 5117870000.000001 5649845000.000001 74067600.000000015 44375600.000000007 447.98500000000007 3.5000000000000004
decision_type=2 2 2 2 2 2 2 2 2 2 2 2 2 2 2 2 2 2 2 2 2 2 2 2 2 2 2 2 2 2
left_child=2 6 8 4 -3 -6 9 -5 -1 10 -2 -8 -13 29 -11 -16 18 -14 -17 20 21 -20 23 -21 -15 -26 27 28 -27 -4
right_child=1 3 13 7 5 -7 11 -9 -10 14 -12 12 17 24 15 16 -18 -19 19 22 -22 -23 -24 -25 25 26 -28 -29 -30 -31
leaf_value=-1.5113984265458695 0.68876041054725645 3.1694209444522858 -0.94467060267925262 2.1878756576776506 -0.5766164998710156 2.4911080765724183 2.0612965903852296 3.8596460995850741 -0.94138831500215892 1.3806882484257221 -0.57145188004766234 0.16678371248037921 0.98720782748584091 0.26303003087639809 -0.14534353017807009 1.2770296446301721 0.38844367527535989 1.5961002081632616 0.59531500207053289 0.78889288210868846 1.2447586786746978 -0.35231980880101527 0.52337945103645322 1.6268697009200144 -0.50473542559146878 -0.57474990046272678 -0.38880197117105131 0.091832938364573902 0.013825127837203799 -0.5130008941302534
leaf_weight=109 25 20 23 20 20 20 23 27 281 20 33 23 29 20 21 22 70 32 27 25 20 21 20 21 50 24 48 98 21 122
leaf_count=109 25 20 23 20 20 20 23 27 281 20 33 23 29 20 21 22 70 32 27 25 20 21 20 21 50 24 48 98 21 122
internal_value=-2.73153e-10 1.03289 -0.699408 2.33314 1.69464 0.957246 0.710839 3.14825 -1.1007 0.541946 -0.0282569 1.22383 0.994527 -0.313932 0.66581 0.607926 0.67792 1.30663 0.807813 0.730777 0.493676 0.180725 0.975063 1.17145 -0.165298 -0.200844 -0.121291 -0.0314968 -0.300082 -0.581473
internal_weight=1335 539 796 107 60 40 432 47 390 325 58 107 84 406 267 247 226 61 156 134 68 48 66 46 261 241 191 143 45 145
internal_count=1335 539 796 107 60 40 432 47 390 325 58 107 84 406 267 247 226 61 156 134 68 48 66 46 261 241 191 143 45 145
is_linear=0
shrinkage=0.1


Tree=31
num_leaves=31
num_cat=0
split_feature=1 1 1 8 2 0 8 4 5 11 4 2 0 4 6 8 4 10 10 3 8 1 11 1 6 1 3 10 3 3
split_gain=78118.1 18282.2 9973.67 4737.86 3049.58 2071.39 2117.62 2066.89 1971.17 1717.34 1436.02 1313.88 1291.65 1269.83 1241.9 1097.45 1456.63 2357.24 707.622 557.292 500.795 368.697 816.247 648.143 309.864 349.675 406.365 606.085 286.242 284.251
threshold=469.42500000000007 852.54500000000019 283.63000000000005 2.5000000000000004 646.6400000000001 651.46500000000003 9.5000000000000018 137.73500000000004 783.23000000000013 6719240000.000001 756.18000000000018 375.33500000000004 492.21000000000009 683.28000000000009 915.7700000000001 7.5000000000000009 580.50500000000011 7783130000.000001 11274100000.000002 14151500.000000002 8.5000000000000018 455.48500000000007 6761410000.000001 446.88000000000005 433.49000000000007 426.76000000000005 44375600.000000007 6272880000.000001 12293350.000000002 33700650.000000007
decision_type=2 2 2 2 2 2 2 2 2 2 2 2 2 2 2 2 2 2 2 2 2 2 2 2 2 2 2 2 2 2
left_child=2 4 7 14 5 6 9 -1 10 12 13 28 -2 -6 -3 16 -11 -18 -15 -19 -17 23 -23 24 25 26 -13 -28 -4 -30
right_child=1 3 11 -5 8 -7 -8 -9 -10 15 -12 21 -14 18 -16 20 17 19 -20 -21 -22 22 -24 -25 -26 -27 27 -29 29 -31
leaf_value=-1.3602585932530395 0.33822267859660349 1.1149180332819622 -0.14057537290182981 2.9784888099401425 0.61543234092848653 -0.49173624856131415 1.3319616425782443 -0.8472494839746969 1.8861355583304946 1.3168068368645276 0.2023450838327408 -0.56854473465964916 -0.70639418438076973 1.8426565993399848 1.9756049026784144 0.095392102499802914 -0.17351067846020063 0.53597081847812822 1.0552483577728271 1.169632740701948 0.61029656211535144 -0.84443639755249034 0.059027358442544947 0.29805558390915393 -0.45582609368222099 0.21516234484212152 0.32180183124542239 -0.31217781507263059 -0.64981018076109331 -0.38529546105048879
leaf_weight=109 29 30 22 39 35 21 30 281 23 34 25 21 20 21 38 51 30 23 25 35 30 20 20 40 28 29 25 38 86 77
leaf_count=109 29 30 22 39 35 21 30 281 23 34 25 21 20 21 38 51 30 23 25 35 30 20 20 40 28 29 25 38 86 77
internal_value=1.2719e-09 0.929603 -0.629467 2.09983 0.639755 0.466394 0.537744 -0.990629 1.04695 0.443195 0.864866 -0.282538 -0.0881516 1.06935 1.59589 0.571451 0.760906 0.546127 1.41472 0.918353 0.286097 -0.117948 -0.392705 -0.0572285 -0.158018 -0.0842252 -0.187585 -0.0605986 -0.479157 -0.524855
internal_weight=1335 539 796 107 432 303 282 390 129 252 106 406 49 81 68 203 122 88 46 58 81 221 40 181 141 113 84 63 185 163
internal_count=1335 539 796 107 432 303 282 390 129 252 106 406 49 81 68 203 122 88 46 58 81 221 40 181 141 113 84 63 185 163
is_linear=0
shrinkage=0.1


Tree=32
num_leaves=31
num_cat=0
split_feature=1 2 2 6 2 10 6 10 6 10 2 2 10 6 6 10 0 8 8 0 8 4 3 3 3 5 4 11 8 8
split_gain=63275.7 14875.5 8090.62 5273.4 4524.35 4144.15 6129.2 3489.21 5835.03 2384.68 1750.25 2688.86 1987.04 2074.11 1451.1 1031.33 799.055 815.393 755.156 1054.7 937.793 728.727 480.042 971.021 393.793 588.035 554.631 732.305 368.55 682.212
threshold=469.42500000000007 910.78000000000009 336.24000000000007 1051.1450000000002 638.78000000000009 10058350000.000002 715.00500000000011 12785650000.000002 818.56500000000017 2556150000.0000005 472.51000000000005 510.68500000000006 7438570000.000001 651.34000000000015 763.10000000000014 7830250000.000001 577.75500000000011 6.5000000000000009 9.5000000000000018 326.24000000000007 10.500000000000002 593.91500000000008 109351500.00000001 69423350.000000015 9435325.0000000019 357.94000000000005 372.17500000000007 5240410000.000001 11.500000000000002 8.5000000000000018
decision_type=2 2 2 2 2 2 2 2 2 2 2 2 2 2 2 2 2 2 2 2 2 2 2 2 2 2 2 2 2 2
left_child=2 4 9 -3 10 6 -6 8 14 -1 -2 -12 -13 15 22 21 -17 -18 -11 20 -20 -14 23 -7 -4 -26 -27 -28 29 -29
right_child=1 3 24 -5 5 7 -8 -9 -10 18 11 12 13 -15 -16 16 17 -19 19 -21 -22 -23 -24 -25 25 26 27 28 -30 -31
leaf_value=-1.1817659377600209 1.2261518555382889 1.6255130143726575 0.2548256874084473 3.6409894328032224 0.70137634336948396 0.41725802291994518 3.1770988893508911 1.9060509430865449 -0.63008640845616659 -0.76617026845102809 -0.42113382611423733 1.2734066592874351 0.46276569762267172 -0.5807245072864351 1.6371593882640203 0.11590783689860945 1.283459814247631 0.58996085446666591 -0.54788851526475724 -0.91718082756831731 0.26648441759439617 -0.38066552001095955 0.36402639824411143 1.2748217510359903 -0.71674301505088811 0.33871394628215407 -0.73387253232624228 -0.11537771975133747 0.20518205585303129 -0.665829507376139
leaf_weight=132 24 34 21 21 20 23 20 24 30 272 40 27 20 21 24 27 21 88 31 29 26 21 23 31 20 21 23 168 27 26
leaf_count=132 24 34 21 21 20 23 20 24 30 272 40 27 20 21 24 27 21 88 31 29 26 21 23 31 20 21 23 168 27 26
internal_value=-2.25331e-10 0.836643 -0.56652 2.39506 0.65955 1.03176 1.93924 0.797571 0.59449 -0.81846 0.408405 0.334345 0.468653 0.358913 0.958226 0.470396 0.602932 0.723571 -0.684504 -0.426212 -0.17642 0.0307643 0.746611 0.909563 -0.163087 -0.193881 -0.15442 -0.196861 -0.140973 -0.18915
internal_weight=1335 539 796 55 484 195 40 155 131 490 289 265 225 198 101 177 136 109 358 86 57 41 77 54 306 285 265 244 221 194
internal_count=1335 539 796 55 484 195 40 155 131 490 289 265 225 198 101 177 136 109 358 86 57 41 77 54 306 285 265 244 221 194
is_linear=0
shrinkage=0.1


Tree=33
num_leaves=31
num_cat=0
split_feature=11 1 2 3 10 2 2 8 3 2 4 10 3 2 7 0 11 11 2 8 3 8 7 10 3 10 0 1 6 3
split_gain=51432.9 12731.8 6669.7 4493.75 5992.42 4733.87 4643.11 4619.71 1465.15 1366.72 1275.78 1520.13 1023.38 826.466 790.962 711.773 685.457 651.068 787.593 596.028 592.053 784.456 565.157 479.661 714.478 673.133 464.187 1090.38 439.151 707.034
threshold=6719240000.000001 774.61500000000012 271.08500000000009 116352000.00000001 10485300000.000002 910.78000000000009 821.7700000000001 2.5000000000000004 6587125.0000000009 128.14500000000001 532.62500000000011 7438570000.000001 14151500.000000002 363.06000000000006 2.5000000000000004 577.75500000000011 6501560000.000001 7059060000.000001 446.50000000000006 4.5000000000000009 109351500.00000001 6.5000000000000009 5.5000000000000009 5763730000.000001 49643100.000000007 5487760000.000001 266.06500000000005 261.07000000000005 329.41500000000002 33700650.000000007
decision_type=2 2 2 2 2 2 2 2 2 2 2 2 2 2 2 2 2 2 2 2 2 2 2 2 2 2 2 2 2 2
left_child=2 10 9 4 -3 6 -6 -5 -4 -1 17 -12 -13 22 23 -14 -16 18 -2 -17 21 -21 28 25 -25 -15 27 -11 29 -10
right_child=1 3 8 7 5 -7 -8 -9 13 26 11 12 15 14 16 19 -18 -19 -20 20 -22 -23 -24 24 -26 -27 -28 -29 -30 -31
leaf_value=-1.1490978966818914 -0.12565560576816401 2.1574809699445159 0.60490102839656179 1.5363778948783875 1.0265310968671526 1.8251592499017715 -1.0522937081076884 3.4857582994364202 -0.59637065057953198 -0.73657014378585117 1.2675294362581695 0.042097607064754405 0.045328987456858164 0.1172443723678589 -0.22547045025873827 0.15827171389873212 -0.8252851379954298 -0.42755267959088084 0.72402707934379584 1.2395064420170254 0.28845491900163539 0.64904300573247453 0.031137890620157122 0.56022795240084333 -0.078734792449644639 -0.66109965771436696 -1.1350522494834403 -0.087687405430037405 -0.75631612468924792 0.077947511750718831
leaf_weight=90 24 37 20 31 21 20 22 20 48 242 26 47 25 25 111 26 23 20 20 27 34 135 20 30 42 20 23 29 54 23
leaf_count=90 24 37 20 31 21 20 22 20 48 242 26 47 25 25 111 26 23 20 20 27 34 135 20 30 42 20 23 29 54 23
internal_value=-1.42831e-09 0.759011 -0.507589 1.53695 1.14737 0.554125 -0.0370537 2.30084 -0.230175 -0.80812 0.453102 0.534617 0.469802 -0.272351 -0.162549 0.551187 -0.328424 0.0455274 0.260564 0.608153 0.667831 0.747454 -0.462423 0.0274281 0.1875 -0.228686 -0.703738 -0.667133 -0.541393 -0.37793
internal_weight=1335 535 800 151 100 63 43 51 416 384 384 320 294 396 251 247 134 64 44 222 196 162 145 117 72 45 294 271 125 71
internal_count=1335 535 800 151 100 63 43 51 416 384 384 320 294 396 251 247 134 64 44 222 196 162 145 117 72 45 294 271 125 71
is_linear=0
shrinkage=0.1


Tree=34
num_leaves=31
num_cat=0
split_feature=11 1 2 8 6 6 0 1 2 1 7 5 10 7 0 8 1 11 3 2 2 6 9 4 3 6 1 1 0 7
split_gain=41660.7 10688.9 5491.53 3121.05 2005.14 2249.61 1765.04 3201.63 1640.57 1570.18 1265.78 1156.12 2213.66 1024.19 878.634 733.244 727.653 623.425 583.62 1256.23 958.778 619.562 1792.44 640.723 470.729 446.203 470.675 431.349 407.659 375.933
threshold=6719240000.000001 852.54500000000019 336.24000000000007 2.5000000000000004 988.59000000000003 896.92500000000007 492.21000000000009 482.67000000000007 225.05500000000004 655.75500000000011 1.0000000180025095e-35 676.81500000000017 10726700000.000002 3.5000000000000004 449.68000000000006 6.5000000000000009 441.62000000000006 3266395000.0000005 25772850.000000004 569.86000000000013 588.42000000000007 596.21000000000015 2015.5000000000002 607.06000000000006 21671450.000000004 432.44500000000005 426.76000000000005 99.330000000000013 577.75500000000011 2.5000000000000004
decision_type=2 2 2 2 2 2 2 2 2 2 2 2 2 2 2 2 2 2 2 2 2 2 2 2 2 2 2 2 2 2
left_child=2 9 8 4 5 -3 7 14 27 18 -11 15 -13 -14 16 -12 25 -10 19 -2 -21 22 -20 -23 -19 26 -4 -1 29 -24
right_child=1 3 6 -5 -6 -7 -8 -9 17 10 11 12 13 -15 -16 -17 -18 24 21 20 -22 23 28 -25 -26 -27 -28 -29 -30 -31
leaf_value=-1.2947990695635478 1.212751712203026 0.91637336313724527 -0.18375745916784536 2.2902204018372756 0.43280196785926822 2.3523898172378543 -0.97032825273016232 1.1288260530857812 0.017536845207214356 1.3710907131666319 0.49946366859518965 -0.28816631472471993 1.2203574157953263 0.33975854904523922 -0.75899644128300936 1.2305327804649577 0.31593863583273363 -0.68975334733143345 -0.80069053664803502 -0.25058282642137436 0.56216342312858458 0.86917464214822526 -0.15298209868903673 0.20974392238038977 -0.43225925026161899 -0.62005357176065445 0.29038834838817518 -0.84053557977816207 0.63210380645025355 0.32476757507771259
leaf_weight=24 20 24 164 39 24 20 23 21 20 24 23 33 25 28 22 34 36 141 20 21 47 23 28 41 143 20 24 162 21 40
leaf_count=24 20 24 164 39 24 20 23 21 20 24 23 33 25 28 22 34 36 141 20 21 47 23 28 41 143 20 24 162 21 40
internal_value=1.37332e-09 0.68311 -0.45683 1.57707 1.16806 1.56911 -0.127433 -0.0598842 -0.665223 0.45962 0.69907 0.586283 0.354799 0.755135 -0.15373 0.93554 -0.0991565 -0.522097 0.306408 0.516074 0.311168 0.199758 0.0547484 0.446727 -0.5601 -0.171 -0.123228 -0.89915 0.246982 0.128047
internal_weight=1335 535 800 107 68 44 310 287 490 428 167 143 86 53 266 57 244 304 261 88 68 173 109 64 284 208 188 186 89 68
internal_count=1335 535 800 107 68 44 310 287 490 428 167 143 86 53 266 57 244 304 261 88 68 173 109 64 284 208 188 186 89 68
is_linear=0
shrinkage=0.1


Tree=35
num_leaves=31
num_cat=0
split_feature=1 2 11 6 7 3 2 2 11 7 1 10 11 1 1 5 4 5 1 6 6 1 3 3 7 10 11 6 6 6
split_gain=33751.5 9212.41 3967.93 3806.49 5899.87 7751.46 2475.17 4200.91 1779.48 1685.66 1286.48 1201.02 989.016 1632.5 879.878 639.538 622.106 633.983 615.546 545.394 521.45 562.04 483.342 754.237 529.163 578.232 977.241 461.2 396.045 300.196
threshold=458.57500000000005 778.46000000000015 3823880000.0000005 818.56500000000017 1.5000000000000002 34827450.000000007 455.76000000000005 510.68500000000006 7340290000.000001 4.5000000000000009 495.19500000000005 7646140000.000001 11890450000.000002 753.37500000000011 131.79000000000005 657.18000000000018 667.68500000000006 703.63000000000011 346.44500000000005 347.32500000000005 260.11000000000007 247.67000000000004 68137950.000000015 44375600.000000007 4.5000000000000009 5631890000.000001 5240410000.000001 243.73000000000005 279.22500000000008 411.56500000000005
decision_type=2 2 2 2 2 2 2 2 2 2 2 2 2 2 2 2 2 2 2 2 2 2 2 2 2 2 2 2 2 2
left_child=2 6 14 -3 -5 -6 -2 10 -9 -7 -8 -10 13 15 -1 -13 -17 -18 28 -20 21 -16 23 24 25 26 -21 -23 -4 -26
right_child=1 3 18 4 5 9 7 8 11 -11 -12 12 -14 -15 20 16 17 -19 19 22 -22 27 -24 -25 29 -27 -28 -29 -30 -31
leaf_value=-0.95277829049598606 1.1917443122057354 2.5393128532577647 -0.12372806510504555 2.2175949379801749 -0.97721894979476931 0.68365540901819877 0.061444179584150729 1.2440865716934206 -0.36284843626476471 1.8569521875381469 -0.91904626581817872 0.34990866690893307 1.0812238037586213 -0.4375743212907211 -0.6164871703967667 1.1300655769265215 0.1105909894813191 0.87875174482663487 0.36711905451491478 -0.56460095633353502 -1.0403840204943782 0.12834312111139298 -0.41660754622980245 0.12615095583592045 0.30158246725797655 -0.85256245949051612 0.31165938459336762 -0.48759073057482322 -0.53039554491823104 -0.22299295968065658
leaf_weight=84 34 22 34 32 22 24 23 25 21 25 32 194 21 23 208 23 22 21 20 35 23 20 63 86 20 22 20 31 81 24
leaf_count=84 34 22 34 32 22 24 23 25 21 25 32 194 21 23 208 23 22 21 20 35 23 20 63 86 20 22 20 31 81 24
internal_value=-9.54205e-10 0.587887 -0.430049 1.34529 1.09025 0.582151 0.372227 0.303428 0.431098 1.28228 -0.509023 0.368561 0.419086 0.369952 -0.668688 0.441387 0.710277 0.485739 -0.21439 -0.136756 -0.584066 -0.543544 -0.17408 -0.100268 -0.261193 -0.419276 -0.245961 -0.246048 -0.410163 0.0154504
internal_weight=1335 564 771 125 103 71 439 405 350 49 55 325 304 283 366 260 66 43 405 290 282 259 270 207 121 77 55 51 115 44
internal_count=1335 564 771 125 103 71 439 405 350 49 55 325 304 283 366 260 66 43 405 290 282 259 270 207 121 77 55 51 115 44
is_linear=0
shrinkage=0.1


Tree=36
num_leaves=31
num_cat=0
split_feature=1 2 1 2 6 11 3 10 10 1 1 0 2 6 1 6 2 6 5 3 5 6 6 10 10 2 3 3 5 4
split_gain=27734.3 7474.29 3969.28 2579.88 2001.09 8227.07 3334.8 1795.3 2058.59 1558.82 5796.46 1460.54 844.183 907.129 1294.36 845.083 782.367 680.913 930.962 869.054 650.474 826.089 530.381 513.365 542.41 325.971 477.879 340.136 323.2 621.568
threshold=500.52000000000004 950.87000000000012 283.63000000000005 1032.8250000000003 703.49000000000012 10133350000.000002 27563250.000000004 7078095000.000001 7558620000.000001 904.63000000000011 821.37 755.83000000000015 569.86000000000013 588.77500000000009 589.8900000000001 598.14000000000021 125.14000000000001 638.05000000000007 630.98500000000013 29245550.000000004 387.51500000000004 383.39000000000004 657.18000000000018 5631890000.000001 6054010000.000001 453.13500000000005 44375600.000000007 68342350.000000015 357.94000000000005 372.17500000000007
decision_type=2 2 2 2 2 2 2 2 2 2 2 2 2 2 2 2 2 2 2 2 2 2 2 2 2 2 2 2 2 2
left_child=2 4 16 -3 7 -6 -7 -2 -9 10 11 -8 -10 14 -14 -15 -1 18 -17 -19 21 28 -21 -22 -25 26 -26 -28 -4 -30
right_child=1 3 20 -5 5 6 9 8 12 -11 -12 -13 13 15 -16 17 -18 19 -20 22 23 -23 -24 24 25 -27 27 -29 29 -31
leaf_value=-0.8728488421592957 0.96806744141014001 2.6576634445786476 -0.30868170461306971 1.1338868913650513 2.3096135893038343 -0.67883599633755898 0.83504452657699579 -0.56217157203575663 -0.26485925089906565 -0.0064482851028442381 2.3447200763225555 -0.28214009959589353 0.27456524683670563 -0.32454074293375018 1.3861076813936233 0.36807020582597366 -0.5187595012141033 -0.41784978657960892 1.1192155306989497 -0.040623184609348363 0.30768156155116033 -0.89509467989206315 0.56484842476172326 -0.44837130823650884 -0.5464525846578181 0.25110851258916012 0.1473769023641944 -0.1985672348489364 0.41181156890732906 -0.28014124487252795
leaf_weight=78 38 20 120 25 28 23 25 29 22 25 20 22 22 20 20 66 312 20 22 23 36 20 39 37 20 34 60 54 21 34
leaf_count=78 38 20 120 25 28 23 25 29 22 25 20 22 22 20 20 66 312 20 22 23 36 20 39 37 20 34 60 54 21 34
internal_value=-5.59003e-10 0.580629 -0.357797 1.81112 0.461293 0.772435 0.398165 0.322684 0.236025 0.667415 0.918857 0.312107 0.327158 0.383297 0.803871 0.290328 -0.589577 0.362665 0.555857 0.155339 -0.15047 -0.286259 0.340238 -0.0405999 -0.101762 -0.0254249 -0.0955901 -0.0164914 -0.216678 -0.0159411
internal_weight=1335 509 826 45 464 143 115 321 283 92 67 47 254 232 42 190 390 170 88 82 436 195 62 241 205 168 134 114 175 55
internal_count=1335 509 826 45 464 143 115 321 283 92 67 47 254 232 42 190 390 170 88 82 436 195 62 241 205 168 134 114 175 55
is_linear=0
shrinkage=0.1


Tree=37
num_leaves=31
num_cat=0
split_feature=11 2 2 1 10 2 6 10 3 8 3 6 8 7 11 2 6 3 8 4 7 8 1 10 11 3 6 1 11 1
split_gain=22723.9 6223.88 2882.79 2091.73 4821.55 2089.71 2036.17 3243.4 1644.08 817.478 1394.23 728.831 1167.25 750.608 657.747 742.133 584.814 557.522 511.919 427.046 425.115 442.593 453.016 971.161 437.276 407.739 355.218 427.734 438.204 352.28
threshold=6719240000.000001 950.87000000000012 261.39000000000004 774.61500000000012 10153200000.000002 1032.8250000000003 803.61000000000013 12785650000.000002 6587125.0000000009 11.500000000000002 10005150.000000002 596.21000000000015 4.5000000000000009 2.5000000000000004 9030305000.0000019 502.66000000000003 122.25000000000001 45270050.000000007 11.500000000000002 576.83000000000004 5.5000000000000009 3.5000000000000004 479.12500000000006 5631890000.000001 5263815000.000001 68137950.000000015 260.11000000000007 239.46500000000003 3323125000.0000005 422.81000000000006
decision_type=2 2 2 2 2 2 2 2 2 2 2 2 2 2 2 2 2 2 2 2 2 2 2 2 2 2 2 2 2 2
left_child=2 3 16 9 -5 -3 -6 -8 -4 10 -2 12 -12 19 15 -15 -1 20 25 -14 21 -10 23 24 -23 29 27 -18 -29 -19
right_child=1 5 8 4 6 -7 7 -9 17 -11 11 -13 13 14 -16 -17 26 18 -20 -21 -22 22 -24 -25 -26 -27 -28 28 -30 -31
leaf_value=-0.81378862374086891 1.1431924158800395 2.3918970781564712 0.69775543100813164 2.0755910438040028 1.2159496205548446 1.0204981908798219 -0.63064433500684547 0.85244156360626233 -0.67760724242244452 -0.24881740774099648 -0.48255653403423449 0.40588699876889589 -0.32577993090336144 0.2472581582409995 -0.0078322881460189814 1.0612723514437676 -0.54832655865360391 -0.1344146836865342 0.39799443015030456 0.28885128460824488 0.01924045847521888 -0.33571109485367073 0.073165018188542333 -0.97333854208277037 0.15089519741860302 -0.33115784232899292 -0.88257308119819278 0.13056307569146158 -0.39551714588152737 0.30936672759276851
leaf_weight=67 20 20 21 23 24 25 29 30 35 26 27 200 26 21 20 24 176 53 21 20 36 115 29 22 22 59 21 20 76 27
leaf_count=67 20 20 21 23 24 25 29 30 35 26 27 200 26 21 20 24 176 53 21 20 36 115 29 22 22 59 21 20 76 27
internal_value=-4.30621e-10 0.504509 -0.33739 0.401147 0.794396 1.63001 0.439366 0.123467 -0.165684 0.292594 0.331914 0.28391 0.107131 0.250568 0.469328 0.681399 -0.547254 -0.208959 -0.0621969 -0.058549 -0.299623 -0.351099 -0.290312 -0.356607 -0.25757 -0.131722 -0.486306 -0.455711 -0.285917 0.0153615
internal_weight=1335 535 800 490 106 45 83 59 440 384 358 338 138 111 65 45 360 419 160 46 259 223 188 159 137 139 293 272 96 80
internal_count=1335 535 800 490 106 45 83 59 440 384 358 338 138 111 65 45 360 419 160 46 259 223 188 159 137 139 293 272 96 80
is_linear=0
shrinkage=0.1


Tree=38
num_leaves=31
num_cat=0
split_feature=11 1 3 8 2 6 3 4 3 8 11 4 8 6 2 6 8 7 5 5 7 3 10 7 5 7 5 0 0 7
split_gain=18406.4 5661.64 3252.08 2921.23 2370.98 2067.32 1863.88 1652.19 2826.88 758.559 717.232 628.092 816.493 593.683 592.352 722.096 902.821 645.011 576.454 689.92 567.719 518.462 514.112 438.649 404.381 370.895 558.47 770.861 370.376 300.933
threshold=6719240000.000001 1121.3200000000004 1.0000000180025095e-35 1.5000000000000002 239.89000000000001 823.90500000000009 6587125.0000000009 971.95000000000016 140627500.00000003 3.5000000000000004 12706200000.000002 576.83000000000004 6.5000000000000009 617.15000000000009 363.06000000000006 447.98500000000007 4.5000000000000009 5.5000000000000009 728.81000000000006 654.22500000000014 4.5000000000000009 68137950.000000015 10726700000.000002 2.5000000000000004 610.56000000000006 1.5000000000000002 415.17000000000007 384.13500000000005 96.365000000000009 4.5000000000000009
decision_type=2 2 2 2 2 2 2 2 2 2 2 2 2 2 2 2 2 2 2 2 2 2 2 2 2 2 2 2 2 2
left_child=4 2 -2 5 28 -4 -6 8 9 13 -7 23 24 -5 17 21 -17 -8 19 20 -14 25 -21 -11 -13 -16 27 -27 -1 -25
right_child=1 -3 3 7 6 10 14 -9 -10 11 -12 12 18 -15 15 16 -18 -19 -20 22 -22 -23 -24 29 -26 26 -28 -29 -30 -31
leaf_value=-0.90596621930599219 1.3794977049673758 2.0249331961978565 0.15674154247556416 -0.56690556146204474 0.72778721831061632 0.94826918065547938 -0.39694048729701786 -0.63628212383815219 1.4030379916940419 -0.27409494603673618 1.7850218511763076 1.0617587231454395 0.4496075005955007 0.11607697657176426 0.34452460211951563 -0.88232482895255093 -0.10279409396342742 0.07435760568169987 0.61098566369559526 -0.48156539266524112 -0.040735035592859445 -0.28074959721051013 0.2027902594634465 0.42032283482880434 0.44117434776964642 0.13111801716414365 0.20247410105646782 -0.71591693382887611 -0.49603795886591628 -0.064043545204660171
leaf_weight=24 31 22 21 20 22 20 199 21 21 30 21 21 83 35 41 24 39 34 39 23 33 51 21 29 21 22 53 21 270 23
leaf_count=24 31 22 21 20 22 20 199 21 21 30 21 21 83 35 41 24 39 34 39 23 33 51 21 29 21 22 53 21 270 23
internal_value=-1.94427e-10 0.454058 0.386691 0.322839 -0.303651 0.963587 -0.172426 0.228252 0.273754 0.211016 1.37685 0.269472 0.350812 -0.13228 -0.213345 -0.106757 -0.399758 -0.328167 0.266252 0.182223 0.310114 -0.00857049 -0.154941 0.0304087 0.751467 0.0927517 -0.0147764 -0.28255 -0.529501 0.206084
internal_weight=1335 535 513 482 800 62 506 420 399 378 41 323 241 55 484 251 63 233 199 160 116 188 44 82 42 137 96 43 294 52
internal_count=1335 535 513 482 800 62 506 420 399 378 41 323 241 55 484 251 63 233 199 160 116 188 44 82 42 137 96 43 294 52
is_linear=0
shrinkage=0.1


Tree=39
num_leaves=31
num_cat=0
split_feature=11 10 11 1 6 2 1 0 1 1 3 6 8 0 1 6 1 1 10 7 6 3 10 6 3 3 3 1 6 6
split_gain=14909.2 4849.27 1945.7 1588.62 4169.15 3217.09 3916.06 1414.8 2559.44 836.491 1084.51 694.506 922.881 588.192 789.663 538.854 743.298 425.802 593.845 420.019 518.668 754.88 495.615 434.636 416.06 523.531 385.431 479.673 660.556 348.235
threshold=6719240000.000001 16276600000.000002 3776955000.0000005 774.61500000000012 803.61000000000013 821.7700000000001 964.74000000000012 492.21000000000009 482.67000000000007 747.34000000000003 9049995.0000000019 596.21000000000015 4.5000000000000009 447.78500000000003 441.62000000000006 586.85000000000014 587.02500000000009 207.20500000000001 3076515000.0000005 1.5000000000000002 680.24500000000012 46957650.000000007 8470095000.000001 617.15000000000009 33700650.000000007 40308100.000000007 25053550.000000004 360.67000000000007 376.87500000000006 256.70000000000005
decision_type=2 2 2 2 2 2 2 2 2 2 2 2 2 2 2 2 2 2 2 2 2 2 2 2 2 2 2 2 2 2
left_child=2 3 17 9 -5 -6 -7 8 13 10 -2 12 -12 14 24 16 -14 -1 -19 22 21 -21 -13 -23 26 -26 27 -4 -29 -20
right_child=1 -3 7 4 5 6 -8 -9 -10 -11 11 19 15 -15 -16 -17 -18 18 29 20 -22 23 -24 -25 25 -27 -28 28 -30 -31
leaf_value=-0.59390769535971299 0.98616992250084889 1.6438781781991325 -0.34193232576362792 1.5532005574968126 1.1709120044001826 0.46851947806976946 -1.2412128871395476 -0.89575013207352683 0.98571790470963438 -0.39394101291894912 -0.45122157872787549 0.95158279483968566 0.13460164792394561 -0.61665283782593905 0.35138930016423042 -0.26180195374922322 0.78342763988868058 0.10533608694871266 -0.37682377129162431 0.063970555530654061 -0.21409040272235869 0.19170072577893735 0.35222539958116172 0.75809544186506961 0.36706056307256224 -0.12586160320072221 -0.51993756091341059 0.50382713790982958 -0.29023255787112495 -0.80606857453073788
leaf_weight=126 20 30 68 36 27 37 21 23 21 20 28 22 76 25 33 22 23 24 189 54 20 20 37 42 25 156 47 20 22 21
leaf_count=126 20 30 68 36 27 37 21 23 21 20 28 22 76 25 33 22 23 24 189 54 20 20 37 42 25 156 47 20 22 21
internal_value=-1.98675e-09 0.408652 -0.273286 0.335273 0.651236 0.269228 -0.150522 -0.132222 -0.0901087 0.235711 0.270307 0.228688 0.066139 -0.14716 -0.115523 0.185859 0.285339 -0.445698 -0.365893 0.352891 0.256225 0.337314 0.575715 0.575387 -0.161109 -0.0577784 -0.280236 -0.177818 0.0878911 -0.419748
internal_weight=1335 535 800 505 121 85 58 440 417 384 364 344 149 396 371 121 99 360 234 195 136 116 59 62 338 181 157 110 42 210
internal_count=1335 535 800 505 121 85 58 440 417 384 364 344 149 396 371 121 99 360 234 195 136 116 59 62 338 181 157 110 42 210
is_linear=0
shrinkage=0.1


Tree=40
num_leaves=31
num_cat=0
split_feature=11 2 2 2 3 2 1 8 6 3 6 8 6 4 4 0 6 11 3 6 3 7 3 8 3 3 3 7 2 4
split_gain=12140.5 4382.39 2523.42 1566.1 1520.17 1104.87 3911.22 1476.65 2390.07 1223.67 543.48 769.02 432.713 606.761 421.028 650.897 497.25 487.122 450.76 450.097 408.769 463.051 408.528 599.742 398.701 339.205 275.803 428.299 259.986 238.172
threshold=6671430000.000001 950.87000000000012 1032.8250000000003 236.33500000000004 6587125.0000000009 891.99000000000012 898.21000000000015 1.5000000000000002 778.01500000000021 9049995.0000000019 596.21000000000015 4.5000000000000009 586.85000000000014 576.83000000000004 748.5200000000001 683.35500000000013 638.05000000000007 10332300000.000002 56884700.000000007 626.55000000000007 35693250.000000007 5.5000000000000009 40946800.000000007 11.500000000000002 45270050.000000007 61465100.000000007 56442550.000000007 3.5000000000000004 93.055000000000021 409.90500000000003
decision_type=2 2 2 2 2 2 2 2 2 2 2 2 2 2 2 2 2 2 2 2 2 2 2 2 2 2 2 2 2 2
left_child=3 5 -3 28 -5 6 7 -2 9 -9 11 -11 13 -13 15 16 19 18 -18 25 21 -6 -22 24 -24 -12 27 -26 -1 -28
right_child=1 2 -4 4 20 -7 -8 8 -10 10 14 12 -14 -15 -16 -17 17 -19 -20 -21 22 -23 23 -25 26 -27 29 -29 -30 -31
leaf_value=-0.76003274597848458 0.86055000788635683 2.1455265794694425 0.63851715242862706 0.66446419033137238 -0.31604978013860352 -0.45024011135101322 1.6107830101793466 0.94271451582511279 -0.79788524378900949 -0.41208258994988034 0.14023742793018329 0.10592225100354929 -0.2356217481873252 0.65047459847160749 -0.13089795351028441 0.71696657439072931 -0.066246690352757778 -0.30991803084810576 0.59709883958101273 0.78101218361407521 0.2615935873643806 0.047261005640029913 -0.58703692633172744 0.36661312686545511 0.30038992269285797 0.61001917381178261 -0.06953772017505111 -0.2774565029403438 -0.41521991350483606 -0.39933431554347915
leaf_weight=24 36 20 25 22 243 20 22 24 23 28 51 76 22 28 20 39 21 24 20 24 30 41 23 21 29 22 41 23 246 47
leaf_count=24 36 20 25 22 243 20 22 24 23 28 51 76 22 28 20 39 21 24 20 24 30 41 23 21 29 22 41 23 246 47
internal_value=2.09495e-10 0.363072 1.3083 -0.250474 -0.149018 0.278001 0.308345 0.245782 0.193338 0.250476 0.206173 0.0619571 0.167299 0.252532 0.306667 0.350205 0.261911 0.0478887 0.257336 0.405328 -0.184955 -0.2636 -0.0805847 -0.136375 -0.201177 0.281815 -0.137785 0.044804 -0.44587 -0.245679
internal_weight=1335 545 45 790 520 500 480 458 422 399 375 154 126 104 221 201 162 65 41 97 498 284 214 184 163 73 140 52 270 88
internal_count=1335 545 45 790 520 500 480 458 422 399 375 154 126 104 221 201 162 65 41 97 498 284 214 184 163 73 140 52 270 88
is_linear=0
shrinkage=0.1


Tree=41
num_leaves=31
num_cat=0
split_feature=11 1 3 8 4 3 6 1 3 11 6 5 2 6 8 7 3 10 0 10 3 7 5 0 3 6 1 3 2 5
split_gain=9833.79 3968.67 2145.69 1789.61 1821.57 2210.19 1749.77 1291.96 1525.54 741.958 653.249 643.709 444.874 736.675 712.986 483.068 384.573 342.27 1857.07 808.808 298.584 279.14 425.129 571.227 275.012 577.661 480.413 399.1 307.076 576.296
threshold=6671430000.000001 1121.3200000000004 1.0000000180025095e-35 1.5000000000000002 971.95000000000016 140627500.00000003 823.90500000000009 234.44000000000003 6587125.0000000009 12706200000.000002 773.33000000000004 703.63000000000011 363.06000000000006 447.98500000000007 4.5000000000000009 1.5000000000000002 68137950.000000015 7078095000.000001 492.21000000000009 7558620000.000001 21671450.000000004 1.5000000000000002 415.17000000000007 384.13500000000005 82422600.000000015 582.5250000000002 656.99500000000012 67017350.000000007 631.85500000000013 629.2600000000001
decision_type=2 2 2 2 2 2 2 2 2 2 2 2 2 2 2 2 2 2 2 2 2 2 2 2 2 2 2 2 2 2
left_child=7 2 -2 6 5 10 -4 -1 -9 -8 11 17 15 16 -15 20 21 18 -5 -19 -10 -14 23 -23 25 -21 -26 28 29 -27
right_child=1 -3 3 4 -6 -7 9 8 12 -11 -12 -13 13 14 -16 -17 -18 19 -20 24 -22 22 -24 -25 26 27 -28 -29 -30 -31
leaf_value=-0.44655168153665437 1.0783462970487532 1.6424858163703573 -0.019450949487232028 -0.057559807178301697 -0.76016863868350082 1.1940096511727287 0.66713824614882478 0.64697231054306037 -0.70816546716997708 1.5181919364702134 -0.40172185975880859 0.55582600608706867 0.32022441579256117 -0.84194707194851215 -0.11134002813521554 -0.184909351018503 -0.22459771946376686 -0.37011085970061169 1.1276443183422089 0.60326251427332567 -0.32485756136603278 0.1314959396015514 0.20039593593145791 -0.59765541496730989 -0.38529078274344408 0.018763190018944442 0.23514963273818676 0.52874489760115029 -0.21597923328799587 0.59668164022944192
leaf_weight=198 31 22 21 39 21 21 20 23 31 21 21 39 41 22 34 238 49 35 20 30 59 22 52 21 24 80 26 21 31 22
leaf_count=198 31 22 21 39 21 21 20 23 31 21 21 39 41 22 34 238 49 35 20 30 59 22 52 21 24 80 26 21 31 22
internal_value=-3.7522e-09 0.326765 0.271419 0.220576 0.148156 0.194794 0.722844 -0.225426 -0.151469 1.10304 0.140712 0.171751 -0.183743 -0.0805882 -0.398364 -0.259537 0.0156035 0.126083 0.344204 0.0782425 -0.456886 0.102147 0.0080288 -0.224601 0.145304 0.201816 -0.0626618 0.123613 0.0596443 0.143412
internal_weight=1335 545 523 492 430 409 62 790 592 41 388 367 569 241 56 328 185 328 59 269 90 136 95 43 234 184 50 154 133 102
internal_count=1335 545 523 492 430 409 62 790 592 41 388 367 569 241 56 328 185 328 59 269 90 136 95 43 234 184 50 154 133 102
is_linear=0
shrinkage=0.1


Tree=42
num_leaves=31
num_cat=0
split_feature=1 2 8 2 2 5 3 1 1 1 4 5 11 10 6 8 6 11 8 5 7 0 5 1 10 1 8 7 0 7
split_gain=7976.19 3513.93 3238.1 2707.09 2542.76 2532.16 5422.93 1278.25 990.71 934.468 976.94 856.354 866.475 596.875 591.615 1018.02 610.693 534.725 449.027 1052.71 1018.3 427.288 318.969 396.785 389.161 310.475 341.107 738.38 674.252 440.035
threshold=458.57500000000005 910.78000000000009 2.5000000000000004 455.76000000000005 510.68500000000006 846.22500000000014 6587125.0000000009 495.19500000000005 234.44000000000003 834.40500000000009 756.18000000000018 728.81000000000006 7340290000.000001 3293800000.0000005 387.51500000000004 1.5000000000000002 409.22500000000008 7671265000.000001 6.5000000000000009 654.22500000000014 3.5000000000000004 449.68000000000006 654.22500000000014 614.5100000000001 10899650000.000002 261.07000000000005 7.5000000000000009 4.5000000000000009 373.17000000000007 2.5000000000000004
decision_type=2 2 2 2 2 2 2 2 2 2 2 2 2 2 2 2 2 2 2 2 2 2 2 2 2 2 2 2 2 2
left_child=8 3 -3 -2 7 6 -6 -5 -1 10 11 12 -8 -10 15 -15 -16 -14 19 20 -19 -18 23 -20 -24 -17 27 -27 29 -28
right_child=1 2 -4 4 5 -7 9 -9 13 -11 -12 -13 17 14 16 25 21 18 22 -21 -22 -23 24 -25 -26 26 28 -29 -30 -31
leaf_value=-0.40189651203520527 1.0657239721101874 0.46510254063244383 2.0601651620864869 0.071312485829643585 1.9071731912344696 -0.54168638541148262 0.80416867406595327 -0.90603741873055699 0.32571088098920886 0.86290087302525853 -0.34148203780253733 0.84746724693548114 -0.34734567162536445 -0.86834993911907077 0.39378274798393254 -0.33325426635084621 -0.033402667522652828 -0.221330241560936 0.020828993414362815 1.0055723071098328 0.6998544943332673 -0.51853930116409352 -0.38846788351925521 0.37649311185560447 0.19826734937727453 -0.14659326655360369 0.12521709394454958 0.56837943464517593 -0.61257555289193988 -0.25880281875111366
leaf_weight=198 34 35 20 23 20 39 21 32 26 21 33 21 21 24 30 109 134 30 73 20 20 21 26 55 20 52 50 20 33 74
leaf_count=198 34 35 20 23 20 39 21 32 26 21 33 21 21 24 30 109 134 30 73 20 20 21 26 55 20 52 50 20 33 74
internal_value=-1.57955e-09 0.285789 1.04513 0.203738 0.142038 0.225765 0.304323 -0.497327 -0.209059 0.215522 0.175537 0.231113 0.185856 -0.142425 -0.164676 -0.239022 -0.0191989 0.136857 0.178531 0.392409 0.147144 -0.0991309 0.0924875 0.173653 -0.133366 -0.194336 -0.128213 0.0520103 -0.210863 -0.103956
internal_weight=1335 564 55 509 475 420 381 55 771 361 340 307 286 573 547 362 185 265 244 70 50 155 174 128 46 338 229 72 157 124
internal_count=1335 564 55 509 475 420 381 55 771 361 340 307 286 573 547 362 185 265 244 70 50 155 174 128 46 338 229 72 157 124
is_linear=0
shrinkage=0.1


Tree=43
num_leaves=31
num_cat=0
split_feature=11 11 8 5 1 6 6 2 0 3 6 10 1 10 11 0 5 3 10 11 8 7 3 7 1 6 3 11 10 2
split_gain=6635.33 2807.73 1251.59 2239.25 4154.02 1486.02 1025.78 865.124 1024.4 2357.49 776.05 779.808 2379.82 1440.8 603.069 516.179 753.604 524.185 442.048 621.937 491.969 368.17 370.408 407.455 368.748 313.073 280.01 264.56 301.16 457.985
threshold=6671430000.000001 16962500000.000002 1.5000000000000002 988.59000000000003 870.82000000000005 823.90500000000009 773.33000000000004 232.32500000000002 487.0800000000001 7469540.0000000009 735.49000000000012 7142545000.000001 512.19000000000017 7558620000.000001 12706200000.000002 708.10000000000014 667.19500000000005 14151500.000000002 8131945000.000001 8452045000.000001 7.5000000000000009 5.5000000000000009 33700650.000000007 2.5000000000000004 429.85000000000008 447.98500000000007 30022450.000000004 6440435000.000001 5487760000.000001 293.56000000000006
decision_type=2 2 2 2 2 2 2 2 2 2 2 2 2 2 2 2 2 2 2 2 2 2 2 2 2 2 2 2 2 2
left_child=7 2 5 4 6 -2 10 -1 9 -9 11 12 25 -13 -7 16 17 -15 -19 -20 -21 22 26 27 -25 -4 -11 28 29 -24
right_child=1 -3 3 -5 -6 14 -8 8 -10 21 -12 13 -14 15 -16 -17 -18 18 19 20 -22 -23 23 24 -26 -27 -28 -29 -30 -31
leaf_value=-0.34647969027232922 -0.038018892882835303 1.4313186298310758 0.36853994362056258 -0.79427210040714435 1.5572139393199576 0.60343049228191381 -0.51722126440568406 0.89939699794935146 -0.81997479796409611 -0.21790966262450107 0.7236054089069367 -0.58048488636811579 1.3101517628539694 -0.18381506925405458 1.3707048107603832 -0.32588658559890021 0.68918309643933628 0.54838939962848543 -0.3574388427490538 0.51932889928943238 0.088035794287577449 0.077646738264177534 -0.15969285249710086 -0.11345763524166413 -0.59883285939693454 -0.14223781084020934 -0.59958153196743558 0.36948946992988174 -0.20936667885631324 0.51705281049013141
leaf_weight=234 21 20 20 23 22 20 22 23 20 227 25 30 22 43 21 21 27 31 22 38 87 70 20 72 20 30 21 23 40 20
leaf_count=234 21 20 20 23 22 20 22 23 20 227 25 30 22 43 21 21 27 31 22 38 87 70 20 72 20 30 21 23 40 20
internal_value=1.58827e-09 0.268414 0.224113 0.167612 0.217893 0.646049 0.147402 -0.185172 -0.117283 -0.0910637 0.184326 0.147986 0.443431 0.076842 0.996425 0.15015 0.190459 0.129529 0.205225 0.132857 0.219149 -0.13547 -0.169146 -0.0660247 -0.218974 0.0620733 -0.250229 0.0705902 -0.0153433 0.17868
internal_weight=1335 545 525 463 440 62 418 790 556 536 396 371 72 299 41 269 248 221 178 147 125 513 443 195 92 50 248 103 80 40
internal_count=1335 545 525 463 440 62 418 790 556 536 396 371 72 299 41 269 248 221 178 147 125 513 443 195 92 50 248 103 80 40
is_linear=0
shrinkage=0.1


Tree=44
num_leaves=31
num_cat=0
split_feature=1 10 0 6 5 3 1 4 5 3 8 8 6 8 11 2 7 5 0 11 10 10 10 1 6 6 6 2 10 8
split_gain=5462.17 2534.46 1279.48 3006.23 3229.02 5629.99 971.942 1105.89 765.667 742.704 1435.17 804.375 1078.18 1002.86 1011.49 710.098 627.612 433.995 398.532 374.059 459.86 387.323 318.584 686.3 381.812 329.382 480.146 428.287 334.843 316.372
threshold=469.42500000000007 16276600000.000002 967.30000000000007 896.92500000000007 846.22500000000014 1.0000000180025095e-35 821.37 756.18000000000018 728.81000000000006 74391750.000000015 6.5000000000000009 4.5000000000000009 617.15000000000009 6.5000000000000009 7777020000.000001 225.05500000000004 4.5000000000000009 654.22500000000014 601.34000000000003 5739795000.000001 3314460000.0000005 5883130000.000001 5685175000.000001 426.76000000000005 383.39000000000004 267.88000000000005 281.62500000000006 285.17500000000001 3747175000.0000005 11.500000000000002
decision_type=2 2 2 2 2 2 2 2 2 2 2 2 2 2 2 2 2 2 2 2 2 2 2 2 2 2 2 2 2 2
left_child=15 2 3 4 5 -2 7 8 9 11 -11 12 -7 14 -13 -1 -15 -12 -18 20 -17 -21 23 24 25 28 -27 -28 -22 -29
right_child=1 -3 -4 -5 -6 6 -8 -9 -10 10 17 13 -14 16 -16 19 18 -19 -20 21 22 -23 -24 -25 -26 26 27 29 -30 -31
leaf_value=-0.33749372506494169 1.7859274647452617 1.13900763352712 -0.5907969149202108 1.2934159452915193 -1.0147524248469961 -0.63945080935955056 0.72522760094315919 -0.53861790895462036 0.73504243890444443 1.024175607164701 0.35784281811074303 0.94659966127230577 0.21539738202095032 0.13499884110576701 0.013488987513950893 0.22757770940661431 -0.64292219907045367 -0.16874915243222799 -0.049164827053363509 0.35685482801938501 -0.22595733775584789 -0.054574906297648954 -0.58059159971773633 0.38462038366567519 -0.59766670361809104 0.27972722147901852 -0.51926784007637594 0.017351799944172738 -0.65520353920402985 -0.33231875494950347
leaf_weight=186 22 30 20 25 22 36 27 25 21 24 34 26 25 106 21 28 20 29 26 27 135 150 20 21 23 30 27 92 21 36
leaf_count=186 22 30 20 25 22 36 27 25 21 24 34 26 25 106 21 28 20 29 26 27 135 150 20 21 23 30 27 92 21 36
internal_value=-2.49336e-09 0.245813 0.193168 0.225233 0.16768 0.226534 0.144851 0.104978 0.1487 0.113216 0.366128 0.0285874 -0.289103 0.12597 0.529678 -0.166448 0.00113913 0.115443 -0.30732 -0.114294 -0.16436 0.00818556 -0.191457 -0.171242 -0.203311 -0.176713 -0.0864623 -0.157338 -0.28374 -0.080993
internal_weight=1335 539 509 489 464 442 420 393 368 347 87 260 61 199 47 796 152 63 46 610 433 177 405 385 364 341 185 155 156 128
internal_count=1335 539 509 489 464 442 420 393 368 347 87 260 61 199 47 796 152 63 46 610 433 177 405 385 364 341 185 155 156 128
is_linear=0
shrinkage=0.1


Tree=45
num_leaves=31
num_cat=0
split_feature=2 6 10 3 7 2 3 4 3 1 0 1 3 5 2 6 4 6 6 6 6 1 7 3 11 2 8 10 2 3
split_gain=4644.79 1584.44 1781.35 2527.02 1492.45 2796.88 2203.71 2075.58 4137.65 1230.85 3094.4 1359.03 675.743 519.382 448.906 910.376 813.579 578.975 760.271 500.996 466.113 367.568 431.825 360.638 431.046 339.27 411.088 315.893 302.631 392.311
threshold=638.78000000000009 387.51500000000004 5410475000.000001 7891360.0000000009 1.5000000000000002 745.05000000000007 85187900.000000015 1040.5250000000003 16921350.000000004 840.83000000000004 905.30500000000018 777.63000000000011 122077000.00000001 703.63000000000011 502.66000000000003 447.98500000000007 566.80000000000007 575.25500000000011 640.1350000000001 588.77500000000009 598.14000000000021 491.90500000000003 3.5000000000000004 68137950.000000015 5171350000.000001 426.17500000000001 2.5000000000000004 6624710000.000001 173.15500000000003 5690690.0000000009
decision_type=2 2 2 2 2 2 2 2 2 2 2 2 2 2 2 2 2 2 2 2 2 2 2 2 2 2 2 2 2 2
left_child=1 23 -3 -4 5 -2 -7 8 -6 11 -11 13 14 -10 15 25 -16 -18 19 -19 -21 22 -17 24 28 26 -5 -27 -1 -30
right_child=4 2 3 12 7 6 -8 -9 9 10 -12 -13 -14 -15 16 21 17 18 -20 20 -22 -23 -24 -25 -26 27 -28 -29 29 -31
leaf_value=-0.34478043925737134 0.027387986260075728 0.94284087249210902 -0.95686182379722595 0.35002374975454242 1.696105823516846 2.0099029932703294 0.60719186713298168 -0.70513807450022015 -0.096307586133480075 1.4246754234487362 -0.2525507639331574 -0.76366983708881198 0.59752239205620505 0.45859431634026193 0.7425780153274536 -0.37516577407717705 -0.339090001685866 0.59542650550603871 -0.41171355957076666 -0.30230298161506658 0.23486168146843003 -0.6031223889054923 0.16138153442492087 -0.55800189081303497 0.19159299458923013 0.53585908125948023 -0.16517741638472527 0.047500001811064209 0.2286351907067001 -0.18801829581623009
leaf_weight=119 31 21 26 21 20 21 24 21 37 22 22 21 22 31 20 40 29 30 21 20 84 29 24 27 29 27 59 26 24 387
leaf_count=119 31 21 26 21 20 21 24 21 37 22 22 21 22 31 20 40 29 30 21 20 84 29 24 27 29 27 59 26 24 387
internal_value=-1.77433e-09 -0.089536 0.0414189 0.00181667 0.388586 0.758284 1.26179 0.227109 0.355064 0.153404 0.586062 -0.0604946 0.0569619 0.156662 0.0293053 -0.067769 0.136848 0.0710083 0.147736 0.235411 0.131561 -0.307785 -0.173961 -0.201049 -0.183808 0.100062 -0.0299371 0.296287 -0.204349 -0.163688
internal_weight=1335 1085 499 478 250 76 45 174 153 133 44 89 452 68 430 226 204 184 155 134 104 93 64 586 559 133 80 53 530 411
internal_count=1335 1085 499 478 250 76 45 174 153 133 44 89 452 68 430 226 204 184 155 134 104 93 64 586 559 133 80 53 530 411
is_linear=0
shrinkage=0.1


Tree=46
num_leaves=31
num_cat=0
split_feature=2 2 5 10 2 1 3 1 8 7 4 0 8 8 7 2 2 0 5 3 1 1 11 11 8 2 8 1 0 10
split_gain=3785.01 2949.85 2418 1845.31 1437.58 2505.71 1407.87 2477.16 680.384 1080.52 1813.83 1554.68 555.227 486.253 582.141 505.971 482.548 406.808 360.947 427.767 930.94 340.915 896.553 638.473 284.147 280.392 252.725 300.578 467.823 242.739
threshold=950.87000000000012 1032.8250000000003 405.8300000000001 5589510000.000001 891.99000000000012 898.21000000000015 5690690.0000000009 840.83000000000004 4.5000000000000009 1.5000000000000002 580.50500000000011 457.30000000000007 2.5000000000000004 6.5000000000000009 4.5000000000000009 625.09000000000003 730.07000000000005 451.39500000000004 654.22500000000014 35948700.000000007 583.2750000000002 469.42500000000007 7671265000.000001 8452045000.000001 8.5000000000000018 110.38500000000001 1.5000000000000002 261.07000000000005 263.85000000000008 6822720000.000001
decision_type=2 2 2 2 2 2 2 2 2 2 2 2 2 2 2 2 2 2 2 2 2 2 2 2 2 2 2 2 2 2
left_child=2 -2 25 -4 5 6 -5 8 9 11 12 -8 -11 21 16 24 18 -14 19 20 -15 -10 -23 -24 -16 -1 -27 -28 -29 -21
right_child=1 -3 3 4 -6 -7 7 -9 13 10 -12 -13 17 14 15 -17 -18 -19 -20 29 -22 22 23 -25 -26 26 27 28 -30 -31
leaf_value=-0.39355019551736342 1.8067410232871772 0.17736631250381471 1.0445411250740289 -0.66191033537571253 -0.76532361209392552 1.144353443926031 -0.2716623752936721 1.1565900030590239 0.066135843372658681 0.36961305485321927 -0.84259574609367471 0.84357123231887821 -0.0025392333169778191 -0.51437836980819707 -0.6262251183390618 0.1204645162996124 0.54008419469550806 -0.52724313661456113 -0.21205074579426736 0.59632498368620879 0.31832185521208012 0.96599385088140322 -0.13873343834510218 0.60261729558308919 -0.12867875702001833 -0.38485427137718281 -0.20966047658106959 0.39528412286724368 -0.097961607499848724 0.20066229557024615
leaf_weight=54 20 25 20 26 20 22 25 21 38 26 38 25 45 25 24 34 27 22 33 20 29 22 26 21 22 44 263 21 228 69
leaf_count=54 20 25 20 26 20 22 25 21 38 26 38 25 45 25 24 34 27 22 33 20 29 22 26 21 22 44 263 21 228 69
internal_value=-1.63173e-10 0.901533 -0.0314488 0.0982225 0.0695462 0.0956359 0.0583029 0.0899339 0.0507048 -0.109528 -0.260476 0.285954 -0.0226202 0.125069 0.0564104 -0.172057 0.146447 -0.17483 0.0860591 0.154854 -0.0671875 0.306663 0.439127 0.192508 -0.388268 -0.176 -0.154872 -0.135107 -0.0563626 0.289575
internal_weight=1335 45 1290 680 660 640 618 592 571 181 131 50 93 390 283 80 203 67 176 143 54 107 69 47 46 610 556 512 249 89
internal_count=1335 45 1290 680 660 640 618 592 571 181 131 50 93 390 283 80 203 67 176 143 54 107 69 47 46 610 556 512 249 89
is_linear=0
shrinkage=0.1


Tree=47
num_leaves=31
num_cat=0
split_feature=2 6 5 6 3 8 2 10 0 11 1 3 3 3 8 3 8 10 10 8 3 3 3 6 4 0 6 8 7 1
split_gain=3233.9 2641.78 1972.99 3150.91 6361.88 1492.93 1404.77 2018.3 1297.66 1047.42 498.382 373.908 321.53 343.49 326.398 688.052 296.03 678.761 603.435 429.213 319.25 997.154 644.394 840.668 236.98 451.653 227.63 276.055 199.377 195.811
threshold=910.78000000000009 1051.1450000000002 871.78000000000009 735.49000000000012 28091650.000000004 10.500000000000002 375.33500000000004 5362165000.000001 708.10000000000014 5649845000.000001 682.1350000000001 68137950.000000015 32047100.000000004 37204200.000000007 10.500000000000002 16405950.000000002 3.5000000000000004 7078095000.000001 6537330000.000001 2.5000000000000004 20822200.000000004 35948700.000000007 14151500.000000002 508.40500000000003 290.01000000000005 268.52500000000003 256.70000000000005 3.5000000000000004 3.5000000000000004 661.25000000000011
decision_type=2 2 2 2 2 2 2 2 2 2 2 2 2 2 2 2 2 2 2 2 2 2 2 2 2 2 2 2 2 2
left_child=2 -2 3 6 -5 -6 11 -8 9 -9 16 12 14 -14 24 -16 17 18 19 -11 22 -22 23 -18 25 26 27 -1 -15 -23
right_child=1 -3 -4 4 5 -7 7 8 -10 10 -12 -13 13 28 15 -17 20 -19 -20 -21 21 29 -24 -25 -26 -27 -28 -29 -30 -31
leaf_value=0.040494073303164665 0.20616290586836197 1.6326919402394975 -0.84769386351108555 1.9541972671945889 -0.52369160387251112 0.47897650585792056 1.0150001063233329 -0.57180372725885653 -0.71906882679980733 0.17176402364716387 0.46739047098183822 -0.55364738479256637 0.34159894923989975 0.031349387702842554 0.28054368996992712 -0.37279182540045847 0.52654658948759669 -0.45307519518903328 0.53531125925836109 -0.34223359929164876 -0.44860826613795429 0.085842221215940442 0.56186452679336074 -0.23572866790569746 -0.51963215970993049 0.14557354338467121 -0.55590751611051104 -0.25096535648913421 -0.30442292017063927 0.38750727499524751
leaf_weight=37 34 21 29 24 27 33 21 26 23 33 31 24 24 48 40 27 23 35 21 32 36 208 40 39 25 34 21 267 28 24
leaf_count=37 34 21 29 24 27 33 21 26 23 33 31 24 24 48 40 27 23 35 21 32 36 208 40 39 25 34 21 267 28 24
internal_value=-6.00302e-11 0.750838 -0.0322626 -0.0133597 0.578182 0.0277759 -0.0559385 0.05219 0.0167801 0.0476643 0.078519 -0.167264 -0.150434 0.011793 -0.186405 0.0172592 0.0539671 -0.0818129 0.0692823 -0.081281 0.0983708 0.0410651 0.248939 0.0470509 -0.22194 -0.201209 -0.237488 -0.215492 -0.0923562 0.117049
internal_weight=1335 55 1280 1251 84 60 1167 592 571 548 522 575 551 100 451 67 491 121 86 65 370 268 102 62 384 359 325 304 76 232
internal_count=1335 55 1280 1251 84 60 1167 592 571 548 522 575 551 100 451 67 491 121 86 65 370 268 102 62 384 359 325 304 76 232
is_linear=0
shrinkage=0.1


Tree=48
num_leaves=31
num_cat=0
split_feature=1 1 2 6 6 8 2 3 11 3 8 8 3 1 3 5 7 3 3 11 11 1 3 9 8 8 6 3 3 3
split_gain=2732.32 1809.11 1281.43 1161.64 7733.69 2424.81 2692.76 1674.8 1468.57 430.546 657.94 905.413 370.296 1274.81 681.564 667.366 738.339 401.138 759.322 303.017 487.506 285.83 257.89 388.713 383.46 304.023 286.387 210.594 171.396 158.903
threshold=469.42500000000007 1121.3200000000004 472.51000000000005 803.61000000000013 770.98000000000013 1.5000000000000002 891.99000000000012 7891360.0000000009 12706200000.000002 21671450.000000004 10.500000000000002 11.500000000000002 24089350.000000004 573.37000000000012 17973500.000000004 569.41500000000008 2.5000000000000004 109351500.00000001 80390000.000000015 8074555000.000001 9088825000.0000019 663.32000000000005 25317350.000000004 2014.5000000000002 1.5000000000000002 4.5000000000000009 387.51500000000004 28091650.000000004 20822200.000000004 68137950.000000015
decision_type=2 2 2 2 2 2 2 2 2 2 2 2 2 2 2 2 2 2 2 2 2 2 2 2 2 2 2 2 2 2
left_child=9 2 -2 4 7 8 -7 -4 -5 10 28 -12 14 -14 15 -9 -17 18 19 -15 -21 -20 25 -24 26 -11 -25 -26 -1 -29
right_child=1 -3 3 5 -6 6 -8 12 -10 22 11 -13 13 17 -16 16 -18 -19 21 20 -22 -23 23 24 27 -27 -28 29 -30 -31
leaf_value=-0.23292692777592905 0.8496057743827502 1.0619751186533408 -0.82802519142627728 -0.26606665030121807 1.8790132908821109 -1.6028883628547193 -0.071973016526963973 0.55735639631748202 0.84019145195682854 0.39227908909217352 0.44624086890150522 -0.35597700613240402 -0.70160023399761751 0.4178948972906385 0.62130416582028081 -0.49429950255155569 0.24727666028614703 -0.17702525120515089 0.29378906622529033 -0.41926740245385608 0.10163464996279503 0.82841986358165753 -0.37455035835504535 -0.55962967477414916 -0.28086065078775085 -0.054335996764046803 -0.065824024813870591 0.080362757003273486 -0.53533355727791787 -0.096863869031969932
leaf_weight=298 24 22 20 24 25 20 27 22 24 27 34 24 21 21 36 25 29 39 20 22 98 20 40 23 24 35 24 176 20 71
leaf_count=298 24 22 20 24 25 20 27 22 24 27 34 24 21 21 36 25 29 39 20 22 98 20 40 23 24 35 24 176 20 71
internal_value=-1.69679e-10 0.173855 0.136063 0.101326 0.176321 -0.212864 -0.723426 0.0621998 0.287062 -0.117723 -0.195453 0.114289 0.112637 0.0428162 0.262878 0.0930971 -0.0960456 0.113874 0.176554 0.0674617 0.00613594 0.561104 -0.0481372 -0.080747 -0.0437906 0.140158 -0.307474 0.00194042 -0.251946 0.0294191
internal_weight=1335 539 517 493 398 95 47 373 48 796 376 58 353 241 112 76 54 220 181 141 120 40 420 358 318 62 47 271 318 247
internal_count=1335 539 517 493 398 95 47 373 48 796 376 58 353 241 112 76 54 220 181 141 120 40 420 358 318 62 47 271 318 247
is_linear=0
shrinkage=0.1


Tree=49
num_leaves=31
num_cat=0
split_feature=2 8 5 6 3 8 2 10 11 0 3 5 0 1 0 1 3 2 5 11 0 5 2 6 8 7 3 3 5 1
split_gain=2228.17 2194.72 1572.18 2225.4 5710.24 1484.87 949.144 1724.44 1636.15 690.169 425.365 503.321 362.278 454.964 330.158 713.012 271.521 300.35 941.93 937.219 618.393 242.448 451.957 377.903 545.175 842.165 217.147 237.223 258.239 283.727
threshold=910.78000000000009 2.5000000000000004 871.78000000000009 735.49000000000012 32047100.000000004 10.500000000000002 407.30000000000007 5714260000.000001 6036690000.000001 708.10000000000014 127130500.00000001 667.19500000000005 401.76000000000005 397.50000000000006 654.11500000000012 649.60000000000002 82422600.000000015 486.70000000000005 566.35000000000014 7644280000.000001 462.85000000000008 382.39500000000004 353.07000000000005 343.87500000000006 10.500000000000002 3.5000000000000004 22854850.000000004 44375600.000000007 274.18500000000006 254.40500000000003
decision_type=2 2 2 2 2 2 2 2 2 2 2 2 2 2 2 2 2 2 2 2 2 2 2 2 2 2 2 2 2 2
left_child=2 -2 3 6 -5 -6 12 -8 -9 10 11 14 13 21 15 16 17 20 -19 -20 -10 22 23 24 26 -26 -1 28 29 -28
right_child=1 -3 -4 4 5 -7 7 8 9 -11 -12 -13 -14 -15 -16 -17 -18 18 19 -21 -22 -23 -24 -25 25 -27 27 -29 -30 -31
leaf_value=-0.2104649004264092 0.14572590480957712 1.4588983124494552 -0.75468610031851413 1.6851871530214948 -0.67872119837750988 0.35503560024680514 0.86295751017332079 -0.87423814609646799 0.04572166812690822 -0.49899855310266672 0.4520370909145901 0.49545950889587403 -0.51000106384356814 0.3434599808284215 -0.30713809584932672 0.60136519792405041 -0.23418420772904006 0.66269151568412787 -0.57217894088138233 0.13061766601302593 -0.45994532723580639 -0.43496470364928252 0.18362650216921517 -0.50077994439218732 0.5840940782657037 -0.23737538829445839 -0.052732466241488085 -0.30429059602320196 -0.3163722101598978 0.30377733929849726
leaf_weight=284 35 20 29 27 24 33 25 20 110 22 28 24 24 21 28 22 39 28 22 138 31 25 46 28 26 24 65 32 21 34
leaf_count=284 35 20 29 27 24 33 25 20 110 22 28 24 24 21 28 22 39 28 22 138 31 25 46 28 26 24 65 32 21 34
internal_value=3.60669e-11 0.623243 -0.02678 -0.00990606 0.487225 -0.0802304 -0.0456893 0.0519925 0.0123947 0.0484366 0.0740613 0.0501171 -0.128951 -0.11386 0.0245472 0.0483605 0.0153004 0.0448746 0.127621 0.0339831 -0.0654533 -0.130277 -0.116675 -0.14355 -0.122969 0.189789 -0.158836 -0.0623704 0.00214169 0.0697052
internal_weight=1335 55 1280 1251 84 57 1167 537 512 492 470 442 630 606 418 390 368 329 188 160 141 585 560 514 486 50 436 152 120 99
internal_count=1335 55 1280 1251 84 57 1167 537 512 492 470 442 630 606 418 390 368 329 188 160 141 585 560 514 486 50 436 152 120 99
is_linear=0
shrinkage=0.1


Tree=50
num_leaves=31
num_cat=0
split_feature=3 1 11 1 0 2 5 0 4 5 10 6 7 10 0 8 1 8 3 8 5 6 3 8 6 11 6 1 3 11
split_gain=1875.78 1667.32 1027.96 3316.42 858.49 1462.21 1752.05 1548.47 824.497 751.613 2280.24 597.778 507.739 474.358 500.359 417.118 847.164 388.231 1140.75 313.365 574.015 1587.05 421.736 417.611 315.959 650.884 294.647 265.64 268.649 258.379
threshold=122077000.00000001 1002.5900000000001 13751650000.000002 898.21000000000015 823.5200000000001 638.78000000000009 778.01500000000021 638.61000000000013 748.5200000000001 387.51500000000004 5410475000.000001 383.39000000000004 2.5000000000000004 6054010000.000001 446.69500000000005 9.5000000000000018 679.5250000000002 11.500000000000002 10005150.000000002 3.5000000000000004 433.49000000000007 609.49000000000012 82422600.000000015 2.5000000000000004 508.40500000000003 7544030000.000001 666.71500000000003 583.2750000000002 60979200.000000007 4799810000.000001
decision_type=2 2 2 2 2 2 2 2 2 2 2 2 2 2 2 2 2 2 2 2 2 2 2 2 2 2 2 2 2 2
left_child=2 15 3 4 5 7 8 9 12 11 -11 29 -7 14 -12 16 -2 18 -15 20 23 -22 24 -20 -21 -26 -14 -27 -29 -1
right_child=1 -3 -4 -5 -6 6 -8 -9 -10 10 13 -13 26 17 -16 -17 -18 -19 19 22 21 -23 -24 -25 25 27 -28 28 -30 -31
leaf_value=-0.13090306825724693 0.38961921463841981 1.0793204677956445 -0.6945703694353933 1.2260571502503896 -0.63364969094594326 0.59955599645773572 1.1358323153995333 -0.93762729048728954 -0.42678391876674837 1.0908822709321977 -0.038573290730881338 -0.66174099981784829 0.33870684623718267 0.76271505122157668 -0.65940400248482112 0.51943452131180534 -0.50027633011341099 -0.34246695089340212 0.45292933538556102 -0.027956249081026549 -0.92427163112163546 0.27086176716256888 -0.33867264576256279 -0.1499605957004759 0.70094979949619463 -0.21352473914623263 -0.19162735451351515 0.091961552343074834 0.49326948840171103 0.074381295828414823
leaf_weight=494 23 28 23 21 24 30 21 20 21 20 34 20 20 22 21 21 20 25 20 87 25 20 22 27 23 20 22 69 22 70
leaf_count=494 23 28 23 21 24 30 21 20 21 20 34 20 20 22 21 21 20 25 20 87 25 20 22 27 23 20 22 69 22 70
internal_value=-3.01581e-10 0.435704 -0.0322484 -0.019762 -0.0415821 -0.0294888 0.310834 -0.066055 0.124544 -0.0493101 0.046745 -0.124476 0.285347 -0.00104162 -0.275618 0.154123 -0.0242857 0.0384916 0.0651694 0.0193604 -0.137825 -0.393101 0.0788709 0.106588 0.120436 0.216781 0.0609127 0.116457 0.188981 -0.105425
internal_weight=1335 92 1243 1220 1199 1175 114 1061 93 1041 457 584 72 437 55 64 43 382 357 335 92 45 243 47 221 134 42 111 91 564
internal_count=1335 92 1243 1220 1199 1175 114 1061 93 1041 457 584 72 437 55 64 43 382 357 335 92 45 243 47 221 134 42 111 91 564
is_linear=0
shrinkage=0.1


Tree=51
num_leaves=31
num_cat=0
split_feature=3 7 8 5 2 6 3 0 1 5 5 11 6 6 11 11 6 6 8 6 8 6 3 3 8 10 11 10 11 8
split_gain=1519.38 1432.18 1574.97 1007.01 2907.9 2716.23 3868.46 961.438 883.641 1457.59 496.155 2055.72 450.557 420.087 309.745 298.398 251.31 392.987 474.158 1146.13 438.05 458.944 578.73 376.247 349.036 281.799 224.785 493.912 240.793 183.12
threshold=122077000.00000001 1.5000000000000002 2.5000000000000004 846.22500000000014 910.78000000000009 735.49000000000012 28091650.000000004 672.37000000000012 703.74500000000012 657.18000000000018 392.00500000000005 5538410000.000001 773.33000000000004 383.39000000000004 5843590000.000001 6284995000.000001 638.05000000000007 626.55000000000007 3.5000000000000004 447.23000000000008 7.5000000000000009 496.48500000000007 14692000.000000002 46957650.000000007 2.5000000000000004 6822720000.000001 4799810000.000001 4965115000.000001 5171350000.000001 11.500000000000002
decision_type=2 2 2 2 2 2 2 2 2 2 2 2 2 2 2 2 2 2 2 2 2 2 2 2 2 2 2 2 2 2
left_child=3 -2 -3 5 -5 8 -7 -4 9 10 13 -12 -8 26 -13 -16 17 18 19 24 21 -20 -23 25 -17 -22 29 -28 -29 -1
right_child=1 2 7 4 -6 6 12 -9 -10 -11 11 14 -14 -15 15 16 -18 -19 20 -21 23 22 -24 -25 -26 -27 27 28 -30 -31
leaf_value=-0.10498405444666147 0.98864061712686502 -0.60463316738605499 -0.023587448256356378 -1.0752679032664145 0.44878760136309126 1.7766688120365144 0.41934140568429773 0.91227808050487358 -0.55603668906471948 0.65659006759524352 0.99360616647061839 -0.30884540640913394 -0.22065660953521729 -0.51215122866630558 0.30887478219966097 0.34462934602051976 -0.27815544280935739 0.41576813960617243 -0.0078486644001978072 -0.76293322907553784 -0.056719333317972 -0.055570560693740848 0.60606177250544235 0.071677407193673812 -0.19657039009034635 -0.49039522162799182 0.49354691624641422 -0.33356547485227173 0.09062878242693842 -0.40676414072513584
leaf_weight=473 28 20 21 31 21 20 22 23 33 30 21 34 22 25 30 22 34 22 62 27 31 20 39 73 26 29 20 23 32 21
leaf_count=473 28 20 21 31 21 20 22 23 33 30 21 34 22 25 30 22 34 22 62 27 31 20 39 73 26 29 20 23 32 21
internal_value=8.90582e-10 0.392134 0.131162 -0.0290236 -0.459784 -0.0102163 0.623507 0.465615 -0.0462041 -0.0308252 -0.0502072 0.0265611 0.0993424 -0.11095 -0.0186681 0.00510541 -0.0185649 0.00658059 -0.0207815 -0.241709 0.044453 0.182135 0.38178 -0.0808068 0.0514795 -0.266329 -0.0933224 0.0679874 -0.0867615 -0.117813
internal_weight=1335 92 64 1243 52 1191 64 44 1127 1094 1064 470 44 594 449 415 385 351 329 75 254 121 59 133 48 60 569 75 55 494
internal_count=1335 92 64 1243 52 1191 64 44 1127 1094 1064 470 44 594 449 415 385 351 329 75 254 121 59 133 48 60 569 75 55 494
is_linear=0
shrinkage=0.1


Tree=52
num_leaves=31
num_cat=0
split_feature=6 5 6 1 1 2 2 1 11 6 2 2 2 3 3 10 5 6 3 8 8 7 3 2 3 8 9 3 8 8
split_gain=1390.45 4780.56 2448.32 1740.24 768.881 2184.42 1127.43 1812.47 1530.14 517.652 502.343 446.485 582.432 342.898 620.524 339.212 499.994 348.202 231.926 433.845 645.71 244.283 249.139 226.569 214.573 480.877 392.475 205.166 176.785 181.669
threshold=915.7700000000001 1009.6400000000001 871.78000000000009 852.54500000000019 458.57500000000005 455.76000000000005 521.81000000000006 518.23000000000013 7340290000.000001 575.25500000000011 476.16500000000002 767.68500000000006 734.02500000000009 109351500.00000001 74391750.000000015 8131945000.000001 622.61500000000012 655.15000000000009 21671450.000000004 10.500000000000002 11.500000000000002 5.5000000000000009 40457850.000000007 380.435 25053550.000000004 1.5000000000000002 2014.5000000000002 38434350.000000007 11.500000000000002 10.500000000000002
decision_type=2 2 2 2 2 2 2 2 2 2 2 2 2 2 2 2 2 2 2 2 2 2 2 2 2 2 2 2 2 2
left_child=2 -2 3 4 18 -6 7 10 -8 -10 -7 12 13 14 15 16 -11 27 19 23 -21 24 -23 -1 -20 -26 -27 -17 29 -28
right_child=1 -3 -4 -5 5 6 8 -9 9 11 -12 -13 -14 -15 -16 17 -18 -19 21 20 -22 22 -24 -25 25 26 28 -29 -30 -31
leaf_value=-0.16154233500190318 1.4017878621174344 -0.34592947956475922 -1.1203984951972961 0.7472727727890015 0.86333266623092431 -0.34868197172880172 0.8934070138768716 -1.1602138793468475 -0.37129077490033779 0.0016999593708250259 0.3600795590877533 -0.302678526681045 0.59161258028901142 -0.21982397122515573 0.46928780190646652 0.3025029321511587 0.55253137125132179 -0.36097372866445976 0.14136486387123234 0.38985198841375462 -0.28761447115490835 0.40785645556946593 -0.052718376040296715 -0.45974254880898768 -0.42836837341656553 -0.33341243986040353 0.010913009094374796 -0.064014216760447856 0.27545461058616638 -0.28142677380237729
leaf_weight=283 29 34 20 30 33 20 22 20 29 45 20 29 23 36 40 21 26 31 46 34 24 24 23 28 37 40 186 56 22 24
leaf_count=283 29 34 20 30 33 20 22 20 29 45 20 29 23 36 40 21 26 31 46 34 24 24 23 28 37 40 186 56 22 24
internal_value=2.32477e-09 0.458575 -0.0227125 -0.00517753 -0.0236501 0.0800628 0.0182257 -0.382939 0.08546 0.0325587 0.00569879 0.0707073 0.109658 0.0661872 0.113203 0.0336307 0.203413 -0.0779854 -0.0843175 -0.141564 0.109521 -0.0317705 0.182469 -0.18839 -0.0601345 -0.0901312 -0.044121 0.035945 0.0057568 -0.0224973
internal_weight=1335 63 1272 1252 1222 451 418 60 358 336 40 307 278 255 219 179 71 108 771 369 58 402 47 311 355 309 272 77 232 210
internal_count=1335 63 1272 1252 1222 451 418 60 358 336 40 307 278 255 219 179 71 108 771 369 58 402 47 311 355 309 272 77 232 210
is_linear=0
shrinkage=0.1


Tree=53
num_leaves=31
num_cat=0
split_feature=10 0 6 6 6 1 5 3 2 5 10 3 8 10 6 10 3 6 3 2 6 3 10 10 6 6 6 1 8 1
split_gain=1341.32 1557.08 3189.4 1947 5059.28 842.294 944.349 736.171 501.847 1397.91 527.321 408.89 396.428 403.402 1824.78 624.056 590.314 291.515 242.039 233.536 205.492 205.162 309.993 314.151 198.657 214.493 289.294 182.347 194.053 224.357
threshold=16276600000.000002 967.30000000000007 896.92500000000007 803.61000000000013 770.98000000000013 757.25500000000011 701.94500000000005 34827450.000000007 415.56500000000005 420.76500000000004 6054010000.000001 127130500.00000001 11.500000000000002 7142545000.000001 508.40500000000003 7558620000.000001 93314100.000000015 447.23000000000008 54766350.000000007 453.60000000000008 582.5250000000002 14151500.000000002 8131945000.000001 9298920000.0000019 422.32500000000005 392.00500000000005 383.39000000000004 99.330000000000013 1.5000000000000002 261.07000000000005
decision_type=2 2 2 2 2 2 2 2 2 2 2 2 2 2 2 2 2 2 2 2 2 2 2 2 2 2 2 2 2 2
left_child=1 2 3 4 5 6 8 -5 24 -10 -11 12 13 14 17 -15 20 18 -12 -19 -17 -22 -23 -24 25 26 27 -1 -29 -30
right_child=-2 -3 -4 7 -6 -7 -8 -9 9 10 11 -13 -14 15 -16 16 -18 19 -20 -21 21 22 23 -25 -26 -27 -28 28 29 -31
leaf_value=-0.35027535057937109 0.6611034713188807 -0.89075965583324435 1.1168838882893324 -1.0480276544888816 1.4691899641700414 -0.62747424322625867 0.5109473307927449 -0.23729027736754646 0.84372638903913044 -0.35801886870887961 0.43629129996353933 0.4171817289458381 -0.3975512057542801 -0.50052854551647152 0.9891715487708217 0.29307203927210401 -0.4728726845573295 -0.38048871574768178 -0.0069469511974602945 0.022224615265925729 -0.17727528292881817 0.37416821512682685 -0.30329605549573901 0.11209352750664772 -0.39898465439677239 0.1483057402074337 -0.45832409234274007 -0.29315418977704316 -0.11045759132182792 0.022821713129041701
leaf_weight=24 30 20 25 24 23 23 33 21 21 36 22 27 22 26 23 35 22 24 28 36 38 29 25 67 20 39 21 36 293 222
leaf_count=24 30 20 25 24 23 23 33 21 21 36 22 27 22 26 23 35 22 24 28 36 38 29 25 67 20 39 21 36 293 222
internal_value=-1.47414e-09 -0.0151978 -0.00157036 -0.0237619 0.000161111 -0.0281842 -0.0163933 -0.669684 -0.0317121 0.0458491 0.00942426 0.0406223 0.0150124 0.0392162 0.179122 -0.0376741 0.0180398 0.00974774 0.188078 -0.138861 0.0737103 0.0254232 0.0890805 -0.000784077 -0.0886693 -0.0788956 -0.0937628 -0.0804484 -0.0686955 -0.0530052
internal_weight=1335 1305 1285 1260 1215 1192 1169 45 1136 481 460 424 397 375 133 242 216 110 50 60 194 159 121 92 655 635 596 575 551 515
internal_count=1335 1305 1285 1260 1215 1192 1169 45 1136 481 460 424 397 375 133 242 216 110 50 60 194 159 121 92 655 635 596 575 551 515
is_linear=0
shrinkage=0.1


Tree=54
num_leaves=31
num_cat=0
split_feature=1 2 11 0 4 1 5 1 10 10 4 1 8 4 5 10 7 10 4 6 10 6 4 3 2 2 3 10 0 8
split_gain=1136.03 919.141 5441.18 2589.37 1587.7 691.397 884.564 415.052 2250.17 1317.44 340.847 554.117 442.104 623.511 1149.09 600.394 421.889 462.483 321.721 247.193 283.013 427.394 337.761 204.56 281.333 187.798 180.44 159.098 150.173 165.309
threshold=1121.3200000000004 852.5200000000001 14581300000.000002 823.5200000000001 774.06000000000006 753.37500000000011 701.94500000000005 441.62000000000006 5714260000.000001 6054010000.000001 667.68500000000006 661.25000000000011 7.5000000000000009 580.50500000000011 542.51500000000021 7783130000.000001 4.5000000000000009 9044680000.0000019 488.79000000000008 432.44500000000005 5649845000.000001 383.39000000000004 389.57000000000005 35948700.000000007 571.62 448.66500000000008 58816350.000000007 8081985000.000001 96.365000000000009 1.5000000000000002
decision_type=2 2 2 2 2 2 2 2 2 2 2 2 2 2 2 2 2 2 2 2 2 2 2 2 2 2 2 2 2 2
left_child=1 3 -3 4 5 6 7 19 -9 -10 11 12 13 14 18 -15 23 -18 25 20 21 28 -22 -14 -25 -11 -24 -17 -1 -30
right_child=-2 2 -4 -5 -6 -7 -8 8 9 10 -12 -13 16 15 -16 27 17 -19 -20 -21 22 -23 26 24 -26 -27 -28 -29 29 -31
leaf_value=-0.3184379470845064 0.71264679296450184 1.6191912398419597 -0.36672269303250959 -0.96402575928589396 0.72313054101220497 -0.51677384387169567 0.50457521751523016 1.0335416896776719 -0.79608887895941738 0.096782064586877825 -0.34659480073235255 0.43135082814842463 -0.22225029975175858 -0.42974200546741487 0.95550733237039476 0.3307362332940102 -0.70879066817107661 -0.059706807330898615 -0.20386975407600405 -0.40613776983862576 0.42729223759278007 -0.4964160457849503 0.16744479374610821 0.37820015523744671 -0.040608132194797947 0.4923804099857807 -0.14775304394508046 -0.0026134491784543528 -0.28680809680973329 -0.048848045400939621
leaf_weight=24 22 22 37 29 29 28 32 22 20 30 22 36 30 30 21 22 21 23 22 22 23 25 32 23 53 20 42 41 31 501
leaf_count=24 22 22 37 29 29 28 32 22 20 30 22 36 30 30 21 22 21 23 22 22 23 25 32 23 53 20 42 41 31 501
internal_value=-4.61188e-10 -0.0119408 0.373788 -0.0300891 -0.00797955 -0.0257071 -0.013935 -0.0285409 0.0480483 -0.00432091 0.0358704 0.0584893 0.0185398 0.12155 0.304641 -0.0615399 -0.109193 -0.369497 0.114805 -0.0762451 -0.0655406 -0.0919395 0.0925807 -0.0011428 0.0861365 0.255021 -0.0114513 0.113794 -0.0737526 -0.0627141
internal_weight=1335 1313 59 1254 1225 1196 1168 1136 436 414 394 372 336 186 93 93 150 44 72 700 678 581 97 106 76 50 74 63 556 532
internal_count=1335 1313 59 1254 1225 1196 1168 1136 436 414 394 372 336 186 93 93 150 44 72 700 678 581 97 106 76 50 74 63 556 532
is_linear=0
shrinkage=0.1


Tree=55
num_leaves=31
num_cat=0
split_feature=10 0 1 5 5 4 5 7 1 4 2 11 6 4 5 6 7 6 6 1 4 11 8 0 2 3 8 3 6 10
split_gain=998.861 1318.16 2510.46 570.601 1296.07 1083.9 968.214 1295.55 336.181 1109.6 1113.09 1028.95 460.878 306.597 659.915 326.618 290.476 276.436 357.022 175.672 365.102 313.738 169.168 613.439 813.929 393.017 348.26 256.177 259.485 199.059
threshold=16276600000.000002 930.77500000000009 916.18500000000006 863.56500000000017 796.47000000000014 756.18000000000018 701.94500000000005 2.5000000000000004 469.42500000000007 488.79000000000008 510.68500000000006 7340290000.000001 575.25500000000011 667.68500000000006 657.18000000000018 588.77500000000009 4.5000000000000009 638.05000000000007 624.75000000000011 455.48500000000007 444.68000000000006 6761410000.000001 10.500000000000002 326.24000000000007 336.24000000000007 16728750.000000002 11.500000000000002 19355450.000000004 289.14500000000004 3503200000.0000005
decision_type=2 2 2 2 2 2 2 2 2 2 2 2 2 2 2 2 2 2 2 2 2 2 2 2 2 2 2 2 2 2
left_child=1 2 3 4 5 6 8 -8 19 -10 -11 -12 -13 14 15 -14 17 18 -17 20 22 -21 27 -24 -25 -26 -27 28 29 -1
right_child=-2 -3 -4 -5 -6 -7 7 -9 9 10 11 12 13 -15 -16 16 -18 -19 -20 21 -22 -23 23 24 25 26 -28 -29 -30 -31
leaf_value=-0.15699848917841763 0.57050110840238633 -0.7322543341517449 1.0599418000741438 -0.54746170759201052 0.64024191578229273 -0.6291276120933994 1.0423851376771927 -0.095836978554725658 0.6364451448619366 -0.55901983915828168 0.67578071379661564 -0.35784085739043453 0.337829440164155 -0.31038761862686703 0.62183425000735693 0.031159194046631457 -0.25986182179301975 -0.20722306199371815 0.51520006205886604 -0.54723661705851556 0.31609493039834957 0.012886199909262359 0.44368660038915175 -0.61534374039196837 0.41008601716409132 -0.34713908958435064 0.17559444147806902 -0.0310015118735401 -0.42007048778674183 0.1423783929720521
leaf_weight=199 30 25 22 20 30 29 20 20 30 32 25 31 29 21 21 64 40 30 20 20 26 20 29 22 24 25 26 346 34 25
leaf_count=199 30 25 22 20 30 29 20 20 30 32 25 31 29 21 21 64 40 30 20 20 26 20 29 22 24 25 26 346 34 25
internal_value=1.02611e-09 -0.013115 0.000930724 -0.0175893 -0.00902921 -0.0251535 -0.0102975 0.473274 -0.0272798 0.0554829 -0.000200401 0.0634374 0.00363825 0.053442 0.0908951 0.0299676 -0.0280063 0.0533465 0.146407 -0.0629426 -0.0521366 -0.267175 -0.0652517 0.040146 -0.0805002 0.0763872 -0.0806475 -0.0872387 -0.162658 -0.123586
internal_weight=1335 1305 1280 1258 1238 1208 1179 40 1139 343 313 281 256 225 204 183 154 114 84 796 756 40 730 126 97 75 51 604 258 224
internal_count=1335 1305 1280 1258 1238 1208 1179 40 1139 343 313 281 256 225 204 183 154 114 84 796 756 40 730 126 97 75 51 604 258 224
is_linear=0
shrinkage=0.1


Tree=56
num_leaves=31
num_cat=0
split_feature=2 2 0 1 4 1 5 1 2 2 10 1 10 5 10 0 3 6 11 2 1 4 11 3 3 8 10 1 10 11
split_gain=876.367 2650.69 1418.1 3054.03 473.736 690.317 584.986 516.835 1555.03 338.27 859.519 579.911 450.886 298.378 300.299 177.116 175.696 249.142 209.753 198.087 142.294 295.733 254.127 150.176 507.548 445.027 350.786 168.651 192.035 309.341
threshold=910.78000000000009 1032.8250000000003 873.18500000000006 852.54500000000019 779.09000000000015 766.61000000000013 715.00500000000011 469.42500000000007 472.51000000000005 521.81000000000006 7438570000.000001 512.19000000000017 7674940000.000001 655.16000000000008 10336650000.000002 650.32000000000005 82422600.000000015 582.5250000000002 7800930000.000001 608.46000000000015 455.48500000000007 444.68000000000006 6761410000.000001 32047100.000000004 37204200.000000007 1.5000000000000002 5362165000.000001 378.55000000000001 4286320000.0000005 3870010000.0000005
decision_type=2 2 2 2 2 2 2 2 2 2 2 2 2 2 2 2 2 2 2 2 2 2 2 2 2 2 2 2 2 2
left_child=2 -2 3 4 5 6 7 20 -9 11 -11 -10 -12 15 -15 16 17 -14 -19 -20 21 23 -22 26 -25 -26 27 28 29 -1
right_child=1 -3 -4 -5 -6 -7 -8 8 9 10 12 -13 13 14 -16 -17 -18 18 19 -21 22 -23 -24 24 25 -27 -28 -29 -30 -31
leaf_value=-0.09681171060446099 1.0245985883474351 -0.36961658477783205 -0.69622150480747225 1.1673130967400291 -0.43565675682491722 0.53047980351940449 -0.4827949548209155 0.88361409798912394 0.12953287674033123 0.64619985766087973 -0.43534931406378752 -0.58861151879484008 0.35091702259249158 0.54758846055377608 0.078636343197690126 -0.26311217873640685 -0.20474551916122438 -0.28102491483092312 -0.10365142880214587 0.20032103579702243 -0.49251296326518057 0.28448543239098328 0.011597584574483337 0.40595827837075504 -0.41103262634112919 0.010137127388909621 -0.48095161576162693 0.14922728366800583 -0.27093755988513724 0.18506938324055888
leaf_weight=338 30 25 30 22 27 23 27 23 23 24 20 22 27 22 36 23 26 20 36 53 20 26 20 28 29 186 22 32 51 44
leaf_count=338 30 25 30 22 27 23 27 23 23 24 20 22 27 22 36 23 26 20 36 53 20 26 20 28 29 186 22 32 51 44
internal_value=-8.2947e-11 0.390864 -0.016795 -0.000488718 -0.0214102 -0.0120975 -0.0226911 -0.011898 0.0884435 0.0333564 0.0733259 -0.22156 0.0210484 0.058612 0.256515 -0.00343318 0.0334348 0.0789693 0.0116061 0.0773659 -0.0566483 -0.046923 -0.240458 -0.0587266 0.00548309 -0.0466718 -0.0907655 -0.072305 -0.088677 -0.0643437
internal_weight=1335 55 1280 1250 1228 1201 1178 1151 355 332 287 45 263 243 58 185 162 136 109 89 796 756 40 730 243 215 487 465 433 382
internal_count=1335 55 1280 1250 1228 1201 1178 1151 355 332 287 45 263 243 58 185 162 136 109 89 796 756 40 730 243 215 487 465 433 382
is_linear=0
shrinkage=0.1


Tree=57
num_leaves=31
num_cat=0
split_feature=1 5 1 3 6 4 1 5 6 10 11 10 4 1 3 5 8 5 3 1 8 8 7 3 8 3 3 3 11 3
split_gain=937.916 931.859 1680.22 2822.66 1253.03 1031.51 431.889 522.44 255.374 928.875 252.097 236.333 227.053 429.97 287.198 316.919 326.792 1231.48 417.333 376.558 220.863 454.869 646.915 191.303 599.874 344.538 225.196 119.206 261.325 158.417
threshold=1121.3200000000004 988.59000000000003 898.21000000000015 114907500.00000001 818.56500000000017 774.06000000000006 757.25500000000011 701.94500000000005 387.51500000000004 5410475000.000001 5685175000.000001 5487760000.000001 667.68500000000006 661.25000000000011 122077000.00000001 640.47000000000014 3.5000000000000004 569.41500000000008 43614350.000000007 423.59000000000009 10.500000000000002 11.500000000000002 2.5000000000000004 20822200.000000004 6.5000000000000009 35948700.000000007 12500400.000000002 12973750.000000002 2136240000.0000002 44375600.000000007
decision_type=2 2 2 2 2 2 2 2 2 2 2 2 2 2 2 2 2 2 2 2 2 2 2 2 2 2 2 2 2 2
left_child=1 2 4 -4 5 6 7 8 11 -10 -11 20 13 14 15 16 17 18 -12 -20 27 22 -22 24 -18 -25 -26 28 -1 -29
right_child=-2 -3 3 -5 -6 -7 -8 -9 9 10 12 -13 -14 -15 -16 -17 23 -19 19 -21 21 -23 -24 25 26 -27 -28 29 -30 -31
leaf_value=-0.09093787271296605 0.64753354117274287 -0.65619851242412219 1.3386408934990566 -0.26991033136844633 -0.63895657360553748 0.65830705891484798 -0.46729962187153956 0.37078307935169769 0.67971590746726307 -0.32222158325755079 0.44851324485614896 -0.33611727255967355 -0.29790655001997951 0.36306491059561574 0.37424195080995565 -0.3665067059298357 0.49043189818794669 -0.74131719641960592 0.13691735288593918 -0.39354952023081158 0.64120760369300855 -0.20183065781901988 -0.020959120657708913 -0.29440086968243123 -0.25260719847679142 0.061406404148418831 0.16390765408674879 -0.020680052277621937 -0.43021303181137355 -0.24651570756520547
leaf_weight=120 22 22 24 20 32 23 21 35 21 23 20 31 22 36 20 24 37 26 32 23 25 35 36 32 25 182 27 276 28 35
leaf_count=120 22 22 24 20 32 23 21 35 21 23 20 31 22 36 20 24 37 26 32 23 25 35 36 32 25 182 27 276 28 35
internal_value=-1.47355e-10 -0.0108498 0.00014766 0.607481 -0.0212819 -0.00501394 -0.0178129 -0.0097521 -0.0214763 0.027464 0.00157118 -0.0674101 0.016289 0.0305706 0.00385236 -0.0134556 0.00751777 -0.14826 0.0573331 -0.0849142 -0.0524012 0.0855374 0.250421 0.0594437 0.182655 0.00820158 -0.0363399 -0.0812511 -0.155125 -0.0460956
internal_weight=1335 1313 1291 44 1247 1215 1192 1171 1136 550 529 586 506 484 448 428 404 101 75 55 555 96 61 303 89 214 52 459 148 311
internal_count=1335 1313 1291 44 1247 1215 1192 1171 1136 550 529 586 506 484 448 428 404 101 75 55 555 96 61 303 89 214 52 459 148 311
is_linear=0
shrinkage=0.1


Tree=58
num_leaves=31
num_cat=0
split_feature=4 6 6 6 3 6 0 3 1 10 10 10 5 6 0 5 2 5 2 3 6 5 7 1 3 6 3 3 3 3
split_gain=802.509 3622.69 2168.71 1006.69 4047.54 1275.56 888.199 580.449 389.251 1622.32 958.817 695.729 363.658 296.604 244.242 311.392 224.742 233.888 179.486 179.468 176.464 428.533 274.424 341.288 214.52 462.12 293.315 303.462 183.769 168.132
threshold=1040.5250000000003 915.7700000000001 871.78000000000009 735.49000000000012 27563250.000000004 803.61000000000013 708.10000000000014 74391750.000000015 500.52000000000004 7142545000.000001 7558620000.000001 6697870000.000001 667.19500000000005 653.93000000000018 577.75500000000011 586.71000000000015 595.90000000000009 636.15500000000009 616.73500000000013 96081100.000000015 447.98500000000007 444.16500000000002 3.5000000000000004 455.48500000000007 68137950.000000015 392.00500000000005 33700650.000000007 38176550.000000007 30261200.000000004 60823700.000000007
decision_type=2 2 2 2 2 2 2 2 2 2 2 2 2 2 2 2 2 2 2 2 2 2 2 2 2 2 2 2 2 2
left_child=1 2 3 6 -5 7 8 -6 19 11 -11 -10 13 14 -12 -16 -17 18 -18 20 21 24 23 -22 26 -26 28 -28 -1 -29
right_child=-2 -3 -4 4 5 -7 -8 -9 9 10 12 -13 -14 -15 15 16 17 -19 -20 -21 22 -23 -24 -25 25 -27 27 29 -30 -31
leaf_value=-0.060405444987078533 -0.52030366474184497 1.0302575201672668 -1.0487815518677235 1.5377468551908222 0.6437874717637897 -0.70102851561137614 -0.63864746301070507 -0.09282194471452386 0.23514984801411629 -0.57112104263570573 -0.21016537525824142 1.0500763770531525 0.40280429345590102 -0.26249331161379813 0.45940628620711244 -0.17800914421677591 0.17045857310295107 0.37238392127411712 -0.13297855198383332 0.22822490775066875 -0.038092003549848291 0.41685143619775772 0.04119704443961382 -0.57138972005673816 -0.62511397071182728 -0.012356085993815213 0.44598932111635803 -0.01680417166561143 -0.33353305665346294 0.29694130450487138
leaf_weight=469 29 34 20 21 20 21 23 23 20 27 28 22 27 33 22 32 44 28 35 23 21 20 30 28 20 32 20 117 26 20
leaf_count=469 29 34 20 21 20 21 23 23 20 27 28 22 27 33 22 32 44 28 35 23 21 20 30 28 20 32 20 117 26 20
internal_value=7.19054e-10 0.0115535 -0.0156761 0.000827223 0.333082 -0.0621993 -0.023373 0.249787 -0.0110029 0.083008 -0.00510195 0.662016 0.0562736 0.014128 0.0624269 0.109834 0.0545064 0.124044 0.0360244 -0.047196 -0.0550848 -0.0395996 -0.196999 -0.342834 -0.052567 -0.248032 -0.0369777 0.082118 -0.0747515 0.0289981
internal_weight=1335 1306 1272 1252 85 64 1167 43 1144 318 276 42 249 222 189 161 139 107 79 826 803 724 79 49 704 52 652 157 495 137
internal_count=1335 1306 1272 1252 85 64 1167 43 1144 318 276 42 249 222 189 161 139 107 79 826 803 724 79 49 704 52 652 157 495 137
is_linear=0
shrinkage=0.1


Tree=59
num_leaves=31
num_cat=0
split_feature=1 0 1 6 4 1 5 7 8 6 10 5 2 2 6 8 0 11 10 8 3 8 3 2 0 5 10 11 3 1
split_gain=881.516 904.481 1655.48 652.67 770.009 345.69 414.696 240.579 971.711 298.776 580.755 419.972 561.508 520.9 412.938 275.601 195.395 220.198 175.384 166.639 214.862 160.445 244.222 161.428 836.161 227.65 170.672 653.098 285.233 276.522
threshold=1121.3200000000004 930.77500000000009 898.21000000000015 818.56500000000017 774.06000000000006 757.25500000000011 701.94500000000005 5.5000000000000009 10.500000000000002 596.21000000000015 8131945000.000001 575.0100000000001 532.62500000000011 579.5150000000001 655.15000000000009 6.5000000000000009 492.21000000000009 6945365000.000001 7830250000.000001 1.5000000000000002 38176550.000000007 2.5000000000000004 41639450.000000007 453.13500000000005 447.78500000000003 436.48500000000007 5323015000.000001 5797645000.000001 50618400.000000007 420.03000000000003
decision_type=2 2 2 2 2 2 2 2 2 2 2 2 2 2 2 2 2 2 2 2 2 2 2 2 2 2 2 2 2 2
left_child=1 2 3 4 5 6 7 9 15 11 18 12 16 -13 -12 -9 17 19 -11 20 -1 22 -21 24 25 26 28 -28 -23 -29
right_child=-2 -3 -4 -5 -6 -7 -8 8 -10 10 14 13 -14 -15 -16 -17 -18 -19 -20 21 -22 23 -24 -25 -26 -27 27 29 -30 -31
leaf_value=-0.016596189677715301 0.62776252681558786 -0.52742889518990665 0.71302115544676781 -0.45420675277709965 0.56962039545178411 -0.41667976631295112 0.33170175348009384 0.13629258724034463 0.71288573592901239 0.18983080482482911 0.093650749683380136 -0.65248318222852852 0.41446583603437132 -0.019480582727835732 -0.32233078215803418 -0.14434800426867131 -0.33316541504859926 0.24279277574270966 0.56828863192349677 -0.11860434728759257 -0.41993398283209116 -0.057719738158244063 0.33024119028338683 0.18895977997779848 -0.70569914691150193 0.23040398433804513 -0.66051663404161287 0.25869129149412567 0.2902767698764801 -0.19131277315318584
leaf_weight=25 22 33 32 33 23 21 35 71 22 25 75 26 26 26 35 69 25 25 24 22 28 407 27 25 20 28 22 22 25 36
leaf_count=25 22 33 32 33 23 21 35 71 22 25 75 26 26 26 35 69 25 25 24 22 28 407 27 25 20 28 22 22 25 36
internal_value=-3.77939e-09 -0.0105185 0.0028081 -0.0154025 -0.00348435 -0.0145426 -0.00733089 -0.0177764 0.0950633 -0.0365444 0.0888486 -0.0610076 -0.0422676 -0.335982 -0.038707 -0.00202313 -0.0583803 -0.0487319 0.375198 -0.0593405 -0.22968 -0.0451008 0.128719 -0.05966 -0.0707591 -0.0472428 -0.0624266 -0.196593 -0.0375811 -0.0206216
internal_weight=1335 1313 1280 1248 1215 1192 1171 1136 162 974 159 815 763 52 110 140 737 712 49 687 53 634 49 585 560 540 512 80 432 58
internal_count=1335 1313 1280 1248 1215 1192 1171 1136 162 974 159 815 763 52 110 140 737 712 49 687 53 634 49 585 560 540 512 80 432 58
is_linear=0
shrinkage=0.1


Tree=60
num_leaves=31
num_cat=0
split_feature=10 0 1 5 0 6 11 1 8 3 6 3 11 7 3 11 3 6 8 6 6 1 8 2 3 3 1 11 0 5
split_gain=806.886 1369.15 1365.84 572.213 1646.81 417.924 798.651 627.012 371.604 2783.39 215.074 234.55 369.421 382.055 199.89 321.355 272.462 164.399 144.084 143.002 491.241 408.061 158.191 1389.67 242.007 384.493 241.246 422.557 264.346 268.081
threshold=16276600000.000002 930.77500000000009 916.18500000000006 828.70500000000015 784.18500000000006 703.49000000000012 11379750000.000002 703.74500000000012 10.500000000000002 5690690.0000000009 329.41500000000002 16405950.000000002 5797645000.000001 2.5000000000000004 7891360.0000000009 2136240000.0000002 10832000.000000002 663.55500000000018 9.5000000000000018 638.05000000000007 624.75000000000011 657.75000000000011 4.5000000000000009 455.76000000000005 21671450.000000004 25507250.000000004 479.12500000000006 7424535000.000001 577.75500000000011 588.28500000000008
decision_type=2 2 2 2 2 2 2 2 2 2 2 2 2 2 2 2 2 2 2 2 2 2 2 2 2 2 2 2 2 2
left_child=1 2 3 4 5 7 -7 8 14 -10 -11 -12 13 -13 15 18 -16 19 -1 20 22 -21 23 24 -18 -26 -24 -28 -29 -30
right_child=-2 -3 -4 -5 -6 6 -8 -9 9 10 11 12 -14 -15 16 -17 17 -19 -20 21 -22 -23 26 -25 25 -27 27 28 29 -31
leaf_value=-0.12239576111518846 0.51275533417860675 -0.74470391047000895 0.78365791446783328 0.40632079439237717 -0.82533022308349624 0.76806177072227 -0.024094596079417639 -0.55962342534746445 1.1502884240254112 0.21146039506793024 0.17756342295379868 -0.66113112128299223 0.095374471280309903 -0.096389733865857127 0.28463244080543521 -0.456823557557968 -0.20552919636357508 0.2473043192516674 0.15599152625578902 -0.53494360953569409 0.42521696612238885 0.096202132531574794 -0.055971018687750285 -0.71323287822306158 0.38585031885239812 -0.018829105428626969 0.37248068253864491 -0.23697508695450697 0.40677524379321506 -0.00060007084693227504
leaf_weight=97 30 25 22 32 25 20 35 21 23 25 21 23 27 25 30 26 53 22 23 20 24 21 260 32 27 180 42 33 21 70
leaf_count=97 30 25 22 32 25 20 35 21 23 25 21 23 27 25 30 26 53 22 23 20 24 21 260 32 27 180 42 33 21 70
internal_value=-7.7087e-10 -0.0117875 0.00252729 -0.0111332 -0.0220292 -0.0053077 0.263962 -0.0182308 -0.00812478 0.141884 -0.0497959 -0.117831 -0.200542 -0.366995 -0.0301445 -0.138096 -0.0112691 -0.0222965 -0.0690382 -0.0298715 -0.0198258 -0.211674 -0.0347019 -0.0913965 -0.0148628 0.0339552 0.0041592 0.0983391 0.00548466 0.0934096
internal_weight=1335 1305 1280 1258 1226 1201 55 1146 1125 144 121 96 75 48 981 146 835 805 120 783 742 41 718 292 260 207 426 166 124 91
internal_count=1335 1305 1280 1258 1226 1201 55 1146 1125 144 121 96 75 48 981 146 835 805 120 783 742 41 718 292 260 207 426 166 124 91
is_linear=0
shrinkage=0.1


Tree=61
num_leaves=31
num_cat=0
split_feature=4 5 6 6 6 0 4 5 5 6 2 1 7 1 3 7 8 3 8 8 7 8 1 6 6 11 5 0 7 3
split_gain=815.323 3415.83 976.567 4153.52 1875.53 1023 607.993 475.1 282.922 594.651 270.461 672.415 293.985 763.267 301.095 229.295 197.695 287.45 184.612 177.882 402.388 399.885 844.862 293.196 447.137 315.837 263.441 504.784 398.252 262.813
threshold=1040.5250000000003 962.49000000000012 803.61000000000013 770.98000000000013 896.92500000000007 844.31500000000017 748.5200000000001 701.94500000000005 665.40500000000009 657.18000000000018 625.09000000000003 624.36500000000012 5.5000000000000009 500.52000000000004 96081100.000000015 3.5000000000000004 1.5000000000000002 38176550.000000007 4.5000000000000009 2.5000000000000004 2.5000000000000004 3.5000000000000004 420.03000000000003 491.78500000000003 458.69500000000011 7424535000.000001 387.51500000000004 373.17000000000007 3.5000000000000004 59950400.000000007
decision_type=2 2 2 2 2 2 2 2 2 2 2 2 2 2 2 2 2 2 2 2 2 2 2 2 2 2 2 2 2 2
left_child=1 2 3 6 5 -4 7 8 9 10 11 12 14 18 16 -12 17 -1 -14 20 -18 22 -21 24 26 -25 27 -23 -28 -27
right_child=-2 -3 4 -5 -6 -7 -8 -9 -10 -11 15 -13 13 -15 -16 -17 19 -19 -20 21 -22 23 -24 25 -26 29 28 -29 -30 -31
leaf_value=-0.02011254808306694 -0.52444135567237593 1.2767270965235573 -0.30495854097863906 1.2872258031368258 0.33326747215663399 -1.2703202202206567 -0.54848713562602092 0.37440262027084831 -0.3302312431590898 0.50634973807768391 0.023476870570863999 -0.43696076082877627 0.19351584166288377 0.6211218852996826 0.25588158859926113 0.46060246449141273 -0.13795152292069462 -0.52197039269265677 -0.074720108924032774 -0.030833771807097256 0.40310548182044714 -0.038796580363134915 -0.80766876957246247 0.43230839264392851 -0.39273155247540892 -0.089817636582206511 0.24024216264693277 -0.47903856129518579 -0.1792756892063401 0.26403713151812552
leaf_weight=25 29 21 23 25 24 21 21 32 28 22 28 39 38 25 34 21 27 21 79 42 28 373 21 25 37 61 72 28 33 32
leaf_count=25 29 21 23 25 24 21 21 32 28 22 28 39 38 25 34 21 27 21 79 42 28 373 21 25 37 61 72 28 33 32
internal_value=1.37794e-09 0.0116453 -0.00902916 0.0115776 -0.377829 -0.765699 -0.0151768 -0.00561275 -0.0162892 -0.00837708 -0.0187756 -0.0295929 -0.0137214 0.119569 -0.0357554 0.210816 -0.0477744 -0.249222 0.0123993 -0.035879 0.137496 -0.0490497 -0.289779 -0.0261058 -0.0571527 0.116763 -0.0326144 -0.0695367 0.108394 0.0319388
internal_weight=1335 1306 1285 1217 68 44 1192 1171 1139 1111 1089 1040 1001 142 859 49 825 46 117 779 55 724 63 661 543 118 506 401 105 93
internal_count=1335 1306 1285 1217 68 44 1192 1171 1139 1111 1089 1040 1001 142 859 49 825 46 117 779 55 724 63 661 543 118 506 401 105 93
is_linear=0
shrinkage=0.1


Tree=62
num_leaves=31
num_cat=0
split_feature=1 5 5 5 5 4 5 7 5 6 2 1 7 7 7 3 8 5 3 3 8 3 8 8 0 7 6 6 8 5
split_gain=769.562 967.161 1208.99 2512.31 1511.62 539.289 537.379 1012.47 229.167 481.668 223.009 906.92 288.067 546.98 255.308 688.05 370.119 263.809 251.858 243.008 152.395 232.835 152.92 327.37 704.812 325.934 174.636 362.181 306.65 213.387
threshold=1121.3200000000004 988.59000000000003 895.60500000000013 846.22500000000014 796.47000000000014 756.18000000000018 701.94500000000005 2.5000000000000004 665.40500000000009 657.18000000000018 612.08500000000015 614.5100000000001 4.5000000000000009 2.5000000000000004 5.5000000000000009 1.0000000180025095e-35 6.5000000000000009 376.29000000000002 96081100.000000015 36921900.000000007 1.5000000000000002 38176550.000000007 2.5000000000000004 3.5000000000000004 417.63000000000005 2.5000000000000004 491.78500000000003 458.69500000000011 7.5000000000000009 387.51500000000004
decision_type=2 2 2 2 2 2 2 2 2 2 2 2 2 2 2 2 2 2 2 2 2 2 2 2 2 2 2 2 2 2
left_child=1 2 3 4 5 6 8 -8 9 10 11 14 13 -12 18 -16 19 -18 20 -17 21 -1 25 24 -24 -22 27 29 -28 -25
right_child=-2 -3 -4 -5 -6 -7 7 -9 -10 -11 12 -13 -14 -15 15 16 17 -19 -20 -21 22 -23 23 26 -26 -27 28 -29 -30 -31
leaf_value=-0.018101305693387984 0.586546357924288 -0.66728706219318246 0.62877586672703423 -1.1254092544317247 0.70557584842046106 -0.41806362830102445 0.86135933160781863 -0.14485740303993225 -0.29720811952969861 0.45571475008671936 0.038705424533078549 -0.66473706147887501 -0.15673108608664379 0.6847951567173004 0.63707001975604471 0.34295352830085907 0.022120229993015529 -0.41142749106884002 0.23029343240401326 -0.058484915435314179 -0.12415637680225902 -0.46977334646951585 -0.033415207521217627 -0.062582999706602749 -0.75750886108726267 0.36279492910419192 0.331137763772692 -0.35345840832671604 -0.030531182772361901 0.097554327075680097
leaf_weight=25 22 22 30 20 30 32 20 20 28 22 38 22 23 20 21 38 32 25 34 25 27 21 41 401 20 28 35 37 71 105
leaf_count=25 22 22 30 20 30 32 20 20 28 22 38 22 23 20 21 38 32 25 34 25 27 21 41 401 20 28 35 37 71 105
internal_value=-1.41076e-09 -0.00982789 0.00137591 -0.0135503 0.00436841 -0.0130025 -0.00200851 0.358251 -0.0146603 -0.00753938 -0.016898 -0.0297261 0.142739 0.261495 -0.0155575 0.109012 0.0166023 -0.168032 -0.0363437 0.183653 -0.047522 -0.224299 -0.0368923 -0.0493361 -0.270823 0.123746 -0.0285184 -0.0514375 0.0888878 -0.0293529
internal_weight=1335 1313 1291 1261 1241 1211 1179 40 1139 1111 1089 1008 81 58 986 141 120 57 845 63 811 46 765 710 61 55 649 543 106 506
internal_count=1335 1313 1291 1261 1241 1211 1179 40 1139 1111 1089 1008 81 58 986 141 120 57 845 63 811 46 765 710 61 55 649 543 106 506
is_linear=0
shrinkage=0.1


Tree=63
num_leaves=31
num_cat=0
split_feature=4 5 6 6 6 3 4 5 5 6 6 6 8 3 0 8 1 8 3 6 3 3 5 7 0 10 11 5 3 2
split_gain=742.678 2910.89 857.513 3395.54 1476.3 1042.34 452.054 307.534 185.625 390.151 207.628 236.061 171.51 1113.3 203.494 584.316 416.399 153.254 125.641 272.171 242.991 182.388 141.765 119.022 316.641 287.196 261.792 307.909 218.902 166.639
threshold=1040.5250000000003 962.49000000000012 803.61000000000013 770.98000000000013 896.92500000000007 34827450.000000007 748.5200000000001 701.94500000000005 665.40500000000009 657.18000000000018 649.2600000000001 626.55000000000007 10.500000000000002 5690690.0000000009 369.40500000000003 11.500000000000002 358.25500000000005 11.500000000000002 72867050.000000015 578.02500000000009 68137950.000000015 59950400.000000007 414.01500000000004 1.5000000000000002 373.17000000000007 3629205000.0000005 5816650000.000001 481.01500000000004 41639450.000000007 232.62500000000003
decision_type=2 2 2 2 2 2 2 2 2 2 2 2 2 2 2 2 2 2 2 2 2 2 2 2 2 2 2 2 2 2
left_child=1 2 3 6 5 -4 7 8 9 10 11 12 18 -14 16 -16 17 -15 20 22 21 23 -20 24 25 29 -26 -28 -25 -1
right_child=-2 -3 4 -5 -6 -7 -8 -9 -10 -11 -12 -13 13 14 15 -17 -18 -19 19 -21 -22 -23 -24 28 26 -27 27 -29 -30 -31
leaf_value=-0.069193203668251185 -0.5005325181730863 1.1789538088298979 -1.1627576900565106 1.1647316942214967 0.27733046884338058 -0.18831269343694051 -0.47271150634402326 0.30113724283874038 -0.26748731029885159 0.41014328023249452 -0.33443735837936406 0.23553549945354463 0.73774295449256899 0.084455069078132508 -0.60883843436837193 0.068734666854143145 0.46371985688805584 -0.28198688030242919 0.20051240608805704 0.39227931527864368 -0.36771773104758365 0.17284691872505042 -0.10909995654225349 -0.045920109506321437 0.47409688007263906 -0.33195124303593354 -0.24434409166375795 0.23278492653840469 -0.22099225163459779 0.24860102696852251
leaf_weight=66 29 21 23 25 24 21 21 32 28 22 20 38 22 25 20 35 20 21 21 21 23 39 50 447 21 34 21 38 85 22
leaf_count=66 29 21 23 25 24 21 21 32 28 22 20 38 22 25 20 35 20 21 21 21 23 39 50 447 21 34 21 38 85 22
internal_value=1.80509e-10 0.0111144 -0.00797088 0.0113389 -0.35356 -0.697682 -0.0128514 -0.0046045 -0.0131943 -0.00678544 -0.0152082 -0.00923576 -0.0182574 0.08338 -0.0355951 -0.177656 0.0827886 -0.0828336 -0.0346247 0.0760177 -0.0474125 -0.0378821 -0.0175245 -0.0490788 0.0162711 -0.0851137 0.170883 0.0629593 -0.0738922 0.0102554
internal_weight=1335 1306 1285 1217 68 44 1192 1171 1139 1111 1089 1069 1031 143 121 55 66 46 888 92 796 773 71 734 202 122 80 59 532 88
internal_count=1335 1306 1285 1217 68 44 1192 1171 1139 1111 1089 1069 1031 143 121 55 66 46 888 92 796 773 71 734 202 122 80 59 532 88
is_linear=0
shrinkage=0.1


Tree=64
num_leaves=31
num_cat=0
split_feature=11 6 1 6 5 6 5 1 1 6 10 10 11 10 0 5 7 0 3 6 3 3 4 2 5 6 6 5 2 0
split_gain=746.078 1155.57 1979.81 1252.41 1448.28 950.198 570.839 264.249 196.767 1857.28 638.671 698.1 1359.97 621.486 204.645 201.269 556.735 195.224 234.372 179.929 171.201 186.188 169.858 152.138 154.881 135.505 443.051 169.25 169.99 265.472
threshold=16962500000.000002 988.59000000000003 925.75500000000011 871.78000000000009 828.70500000000015 773.33000000000004 745.37000000000012 737.74000000000012 458.57500000000005 447.98500000000007 6315110000.000001 7142545000.000001 6761410000.000001 7558620000.000001 449.68000000000006 655.16000000000008 2.5000000000000004 650.32000000000005 82422600.000000015 582.5250000000002 14151500.000000002 38887150.000000007 439.74500000000006 427.56500000000005 425.07000000000005 411.56500000000005 392.00500000000005 382.39500000000004 353.07000000000005 345.52500000000003
decision_type=2 2 2 2 2 2 2 2 2 2 2 2 2 2 2 2 2 2 2 2 2 2 2 2 2 2 2 2 2 2
left_child=1 2 3 4 5 6 7 8 14 -10 -11 12 -12 -13 22 17 -17 18 19 -15 -21 -22 23 24 25 26 27 28 29 -1
right_child=-2 -3 -4 -5 -6 -7 -8 -9 9 10 11 13 -14 15 -16 16 -18 -19 -20 20 21 -23 -24 -25 -26 -27 -28 -29 -30 -31
leaf_value=-0.028520687219787341 0.60617676764726647 -0.71181047221888671 0.86708280077347399 -0.74563930501108588 0.84316950201988217 -0.60137369456114598 0.49189185279866926 -0.34677206096441848 0.9924430886656046 -0.49601627197116616 -0.061152939549807855 -0.45298941537737847 0.99552262737637476 0.29489854329398701 -0.34133426752828422 0.51261870030845913 -0.10739102564752101 -0.29382189875063686 -0.24884053777371135 -0.16529325664647529 0.29201196392377216 -0.021946406729665458 0.20436556935310365 -0.29362265704707669 0.22308949685345092 -0.18890727156738066 0.39894232042133809 -0.26678087365242747 0.14733685179083955 -0.37612569435783061
leaf_weight=491 20 23 26 23 20 27 23 23 20 24 29 30 21 28 21 28 30 23 28 37 30 51 31 22 24 53 24 31 51 23
leaf_count=491 20 23 26 23 20 27 23 23 20 24 29 30 21 28 21 28 30 23 28 37 30 51 31 22 24 53 24 31 51 23
internal_value=-5.45888e-10 -0.00921942 0.00328801 -0.0144519 -0.00092224 -0.0147259 -0.00148214 -0.0111561 -0.00444383 0.0545538 0.00230368 0.0380042 0.382651 -0.0224601 -0.0334452 0.0281904 0.191924 -0.0200154 0.0161774 0.0670027 0.0129258 0.0943345 -0.0248244 -0.034706 -0.0265336 -0.0354354 -0.0223161 -0.0392795 -0.0267971 -0.044075
internal_weight=1335 1315 1292 1266 1243 1223 1196 1173 1150 379 359 335 50 285 771 255 58 197 174 146 118 81 750 719 697 673 620 596 565 514
internal_count=1335 1315 1292 1266 1243 1223 1196 1173 1150 379 359 335 50 285 771 255 58 197 174 146 118 81 750 719 697 673 620 596 565 514
is_linear=0
shrinkage=0.1


Tree=65
num_leaves=31
num_cat=0
split_feature=4 5 6 6 6 7 1 5 8 1 5 0 2 7 1 11 5 0 6 4 5 5 1 5 6 0 4 2 6 4
split_gain=657.886 2411.87 691.393 2735.17 1309 942.044 434.25 191.034 140.216 422.117 735.364 242.204 382.111 277.552 305.693 241.254 323.284 228.167 414.353 255.845 215.976 221.627 270.831 231.453 505.705 299.703 195.014 361.586 206.313 234.174
threshold=1040.5250000000003 962.49000000000012 803.61000000000013 770.98000000000013 896.92500000000007 3.5000000000000004 757.25500000000011 701.94500000000005 9.5000000000000018 500.52000000000004 630.98500000000013 326.24000000000007 329.79000000000008 3.5000000000000004 249.74000000000004 10332300000.000002 636.15500000000009 369.40500000000003 376.08000000000004 353.84500000000008 623.79000000000008 593.91500000000008 606.29500000000019 577.63000000000011 585.56500000000017 566.78000000000009 503.37500000000006 474.31500000000005 458.69500000000011 446.22000000000008
decision_type=2 2 2 2 2 2 2 2 2 2 2 2 2 2 2 2 2 2 2 2 2 2 2 2 2 2 2 2 2 2
left_child=1 2 3 6 5 -4 7 8 15 11 -11 13 -13 14 -10 16 20 19 -19 -14 21 23 -23 25 -25 26 27 28 29 -1
right_child=-2 -3 4 -5 -6 -7 -8 -9 9 10 -12 12 17 -15 -16 -17 -18 18 -20 -21 -22 22 -24 24 -26 -27 -28 -29 -30 -31
leaf_value=-0.049023768779412204 -0.4710935868065933 1.0734946580869813 -1.0636577486991883 1.0456051189303399 0.27684173236290616 -0.13438918948173526 -0.44158760050068735 0.23436339190511993 0.018126679347971311 0.76361187937713815 -0.063690819438885563 -0.44697647878589736 -0.070503745295784695 -0.090046259481459862 0.49033993020782191 -0.34208100338776909 0.26847453552323419 -0.50495007164776329 0.032099534797610019 0.41176862025802791 -0.31736245567982019 0.44941310566805659 0.0059326709806919106 -0.61589614905062184 0.070163182778791952 0.25512048368238743 -0.29949948319367004 0.38856409172527495 -0.29926914711793268 0.19134546217762613
leaf_weight=514 29 21 24 25 24 20 23 33 26 21 22 24 22 36 29 24 37 20 51 22 26 21 40 21 22 36 28 20 30 44
leaf_count=514 29 21 24 25 24 20 23 33 26 21 22 24 22 36 29 24 37 20 51 22 26 21 40 21 22 36 28 20 30 44
internal_value=2.80443e-10 0.0104607 -0.00691181 0.010427 -0.317226 -0.641263 -0.0112839 -0.00281772 -0.00970767 0.0527568 0.340341 -0.0010089 -0.0840398 0.125819 0.267112 -0.0294676 -0.0205251 -0.0082965 -0.119182 0.170632 -0.033858 -0.0243592 0.158606 -0.0399688 -0.264889 -0.0255766 -0.0414651 -0.0295819 -0.0438046 -0.0300699
internal_weight=1335 1306 1285 1217 68 44 1192 1169 1136 273 43 230 139 91 55 863 839 115 71 44 802 776 61 715 43 672 636 608 588 558
internal_count=1335 1306 1285 1217 68 44 1192 1169 1136 273 43 230 139 91 55 863 839 115 71 44 802 776 61 715 43 672 636 608 588 558
is_linear=0
shrinkage=0.1


Tree=66
num_leaves=31
num_cat=0
split_feature=1 0 1 8 3 6 0 1 8 3 10 6 10 3 3 11 3 6 2 5 3 6 0 1 3 4 10 6 6 10
split_gain=715.029 1151.57 992.909 447.942 2048.91 996.96 621.106 426.501 211.124 2201.41 959.939 298.193 260.187 181.382 138.277 282.807 178.032 122.22 504.595 348.57 125.93 168.999 171.676 305.563 256.023 272.706 346.388 284.118 305.62 310.94
threshold=1121.3200000000004 930.77500000000009 898.21000000000015 11.500000000000002 12500400.000000002 829.68500000000006 755.83000000000015 722.42000000000019 10.500000000000002 8569545.0000000019 4965115000.000001 665.40500000000009 5362165000.000001 52064450.000000007 7891360.0000000009 2136240000.0000002 10832000.000000002 638.05000000000007 641.28000000000009 630.98500000000013 13341150.000000002 617.15000000000009 605.88000000000011 599.70000000000016 14692000.000000002 546.49000000000012 8998385000.0000019 491.78500000000003 447.98500000000007 6721370000.000001
decision_type=2 2 2 2 2 2 2 2 2 2 2 2 2 2 2 2 2 2 2 2 2 2 2 2 2 2 2 2 2 2
left_child=1 2 3 5 -5 6 7 8 11 -10 -11 14 -12 -6 15 -1 -16 19 -19 20 -18 22 23 24 -22 27 -27 28 -26 -30
right_child=-2 -3 -4 4 13 -7 -8 -9 9 10 12 -13 -14 -15 16 -17 17 18 -20 -21 21 -23 -24 -25 25 26 -28 -29 29 -31
leaf_value=-0.048849752667980889 0.56538243022832002 -0.59273128726265645 0.55558827519416809 -1.0400993634825169 -0.12744600584877558 0.70926732420921335 -0.52912998849695381 0.42442541172107062 1.0688977944664657 0.33839495226188943 -0.18365900869525614 0.31921272690479574 -0.68763558017089965 0.17408076134465991 0.23110766768455507 -0.41263405766624672 -0.18263295340267094 -0.55289349682629119 0.11521748439050639 0.40452413976192481 0.28914974692922374 0.27119965515587302 -0.22929134706242218 0.37027253969794227 0.0037780116941010591 -0.51804886329174049 -0.024570112968936113 0.31355048383657752 -0.47247765064239505 -0.016929730196152966
leaf_weight=120 22 33 32 23 38 20 22 24 20 27 21 26 20 42 30 26 44 20 26 20 26 21 36 21 431 25 33 26 29 31
leaf_count=120 22 33 32 23 38 20 22 24 20 27 21 26 20 42 30 26 44 20 26 20 26 21 36 21 431 25 33 26 29 31
internal_value=4.12991e-11 -0.00947328 0.00556384 -0.00853935 -0.20829 0.00942946 -0.0030121 0.00748164 -0.00179236 0.146649 -0.124601 -0.0149738 -0.429501 0.0308555 -0.0239778 -0.113633 -0.00799524 -0.0170866 -0.175266 -0.00729357 -0.0186855 -0.00806149 -0.0169741 -0.00468562 -0.0177873 -0.0316662 -0.237276 -0.00859969 -0.0256586 -0.237111
internal_weight=1335 1313 1280 1248 103 1145 1125 1103 1079 88 68 991 41 80 965 146 819 789 46 743 723 679 658 622 601 575 58 517 491 60
internal_count=1335 1313 1280 1248 103 1145 1125 1103 1079 88 68 991 41 80 965 146 819 789 46 743 723 679 658 622 601 575 58 517 491 60
is_linear=0
shrinkage=0.1


Tree=67
num_leaves=31
num_cat=0
split_feature=10 0 6 5 1 4 5 1 5 8 1 8 3 7 3 1 6 6 4 5 1 7 2 0 7 5 5 1 3 11
split_gain=650.349 1626.39 1278.13 1155.14 967.919 1021.7 368.168 249 398.748 147.137 703.411 200.157 327.334 211.979 293.54 257.264 233.061 588.363 203.788 202.625 200.685 872.63 606.264 400.679 193.016 489.551 382.653 349.541 233.233 309.988
threshold=16276600000.000002 967.30000000000007 896.92500000000007 846.22500000000014 840.83000000000004 779.09000000000015 735.49000000000012 703.74500000000012 657.18000000000018 9.5000000000000018 500.52000000000004 7.5000000000000009 116352000.00000001 3.5000000000000004 7891360.0000000009 240.11500000000004 582.5250000000002 478.13500000000005 290.01000000000005 251.49000000000004 587.02500000000009 1.5000000000000002 482.97500000000008 449.68000000000006 3.5000000000000004 329.41500000000002 387.51500000000004 249.74000000000004 38490500.000000007 4656360000.000001
decision_type=2 2 2 2 2 2 2 2 2 2 2 2 2 2 2 2 2 2 2 2 2 2 2 2 2 2 2 2 2 2
left_child=1 2 3 4 5 6 7 8 9 11 24 12 13 20 -15 -16 17 18 19 -17 22 -22 23 -1 25 27 -27 -11 29 -26
right_child=-2 -3 -4 -5 -6 -7 -8 -9 -10 10 -12 -13 -14 14 15 16 -18 -19 -20 -21 21 -23 -24 -25 28 26 -28 -29 -30 -31
leaf_value=-0.035101071317318232 0.4603382796049118 -0.90542027741670617 0.71137397575378425 -0.72896197492426096 0.69209041357040402 -0.68456370180303405 0.3377773264423013 -0.26494400286012226 0.32506933739861932 0.022681324269909126 0.5211952102595363 -0.10558587048095441 0.38073884140361441 -0.25898927794053006 -0.16993982753446024 0.072135526918131729 -0.10408641653339146 0.64730831334988281 -0.00027168017082117703 0.45658751966861583 0.092112100683152676 -0.72602422508326447 0.48597880431583951 -0.49149629345961982 -0.2018875066477519 -0.2409025507191053 0.25661131468686194 0.51631123451516037 -0.35791602647966814 0.21805922579951587
leaf_weight=229 30 20 25 22 20 22 32 36 37 26 29 243 22 26 31 29 32 24 74 26 32 22 21 21 39 52 22 32 27 32
leaf_count=229 30 20 25 22 20 22 32 36 37 26 29 243 22 26 31 29 32 24 74 26 32 22 21 21 39 52 22 32 27 32
internal_value=1.44955e-09 -0.0105825 0.00334495 -0.0107032 0.00206064 -0.0092699 0.00315189 -0.00604743 0.00221523 -0.008734 0.0570865 -0.0292238 0.00228043 -0.012404 0.058454 0.0966648 0.141339 0.19267 0.108086 0.253876 -0.065166 -0.241203 -0.0300886 -0.0734383 -0.00143157 0.0775014 -0.092993 0.295029 -0.107749 -0.0126157
internal_weight=1335 1305 1285 1260 1238 1218 1196 1164 1128 1091 259 832 589 567 242 216 185 153 129 55 325 54 271 250 230 132 74 58 98 71
internal_count=1335 1305 1285 1260 1238 1218 1196 1164 1128 1091 259 832 589 567 242 216 185 153 129 55 325 54 271 250 230 132 74 58 98 71
is_linear=0
shrinkage=0.1


Tree=68
num_leaves=31
num_cat=0
split_feature=4 5 6 5 8 6 0 1 1 3 8 2 0 1 1 7 6 11 10 2 3 3 8 8 1 10 6 1 3 3
split_gain=644.707 2252.4 734.468 884.88 344.263 1937.9 1272.98 449.758 945.258 809.795 200.877 216.004 305.786 177.56 217.595 166.638 250.549 291.123 152.452 151.333 513.617 173.043 205.623 145.822 254.786 477.198 464.945 177.644 326.308 188.502
threshold=1040.5250000000003 962.49000000000012 871.78000000000009 834.45000000000016 9.5000000000000018 763.10000000000014 755.83000000000015 703.74500000000012 500.52000000000004 69423350.000000015 7.5000000000000009 228.85000000000005 226.93500000000003 320.23000000000008 249.74000000000004 4.5000000000000009 235.30500000000004 6761410000.000001 2905465000.0000005 329.79000000000008 36921900.000000007 18523300.000000004 11.500000000000002 4.5000000000000009 589.8900000000001 6697870000.000001 447.98500000000007 425.46000000000009 55418850.000000007 21671450.000000004
decision_type=2 2 2 2 2 2 2 2 2 2 2 2 2 2 2 2 2 2 2 2 2 2 2 2 2 2 2 2 2 2
left_child=1 2 3 4 6 7 10 8 13 -9 11 12 18 14 -6 -12 -17 -18 -1 20 -15 -21 -23 24 25 26 27 29 -29 -13
right_child=-2 -3 -4 -5 5 -7 -8 9 -10 -11 15 23 -14 19 -16 16 17 -19 -20 21 -22 22 -24 -25 -26 -27 -28 28 -30 -31
leaf_value=-0.15982322342148642 -0.4663512410788701 1.0376450620946431 -0.4721048526691668 0.64950550397237139 0.00509883813718532 1.0110423201606389 -0.75616888403892524 -0.60231982515803706 0.55653944972902536 0.18295358965794248 -0.042351629000124819 -0.22921951636672022 -0.47529386103153232 -0.55938282310962684 0.37518175666530929 0.013542086327517475 -0.64144773171061564 -0.12091054958714681 0.13405016852963356 0.16206395686382341 0.12393567250533538 -0.24940563127016413 0.087047907315632889 0.091570337584956363 -0.25030472309161456 0.42984234919914838 -0.41177741289138797 0.50459193773567679 -0.066642058352008468 0.041914096126413863
leaf_weight=41 29 21 33 21 47 21 24 29 35 24 173 33 20 22 24 27 21 22 31 42 22 39 34 253 39 26 27 20 20 115
leaf_count=41 29 21 33 21 47 21 24 29 35 24 173 33 20 22 24 27 21 22 31 42 22 39 34 253 39 26 27 20 20 115
internal_value=1.14302e-09 0.0103554 -0.00643296 0.00584114 -0.00513933 0.0806432 -0.0377405 0.0192018 0.072387 -0.246724 -0.0178762 0.0121202 -0.129381 -0.00128841 0.130197 -0.0950273 -0.225211 -0.375126 -0.0332944 -0.0600022 -0.217724 0.000343438 -0.0927012 0.0365445 -0.0131754 0.0251983 -0.0237354 0.031994 0.218975 -0.0185414
internal_weight=1335 1306 1285 1252 1231 339 892 318 265 53 868 625 92 230 71 243 70 43 72 159 44 115 73 533 280 241 215 188 40 148
internal_count=1335 1306 1285 1252 1231 339 892 318 265 53 868 625 92 230 71 243 70 43 72 159 44 115 73 533 280 241 215 188 40 148
is_linear=0
shrinkage=0.1


Tree=69
num_leaves=31
num_cat=0
split_feature=1 0 1 5 6 6 5 3 5 2 4 1 8 3 1 2 6 5 6 0 1 1 1 5 6 6 4 6 0 1
split_gain=637.017 1033.01 770.97 551.806 1342.19 430.512 363.657 483.377 246.37 224.95 506.434 296.521 186.265 1051.87 177.373 200.437 260.549 148.901 162.47 114.609 362.769 239.691 224.452 268.934 295.695 237.194 242.905 113.65 258.932 181.102
threshold=1121.3200000000004 930.77500000000009 916.18500000000006 828.70500000000015 773.33000000000004 735.49000000000012 676.81500000000017 75410450.000000015 663.55500000000018 652.45000000000016 646.08000000000004 642.21500000000015 10.500000000000002 8569545.0000000019 432.39000000000004 363.06000000000006 332.40000000000003 625.07000000000016 615.98000000000013 605.88000000000011 599.70000000000016 589.8900000000001 583.2750000000002 569.41500000000008 491.78500000000003 458.69500000000011 449.40000000000003 433.49000000000007 438.60000000000008 424.85500000000008
decision_type=2 2 2 2 2 2 2 2 2 2 2 2 2 2 2 2 2 2 2 2 2 2 2 2 2 2 2 2 2 2
left_child=1 2 3 4 5 6 8 -8 9 10 11 12 17 -14 15 16 -15 18 19 20 21 22 23 24 25 26 27 29 -29 -1
right_child=-2 -3 -4 -5 -6 -7 7 -9 -10 -11 -12 -13 13 14 -16 -17 -18 -19 -20 -21 -22 -23 -24 -25 -26 -27 -28 28 -30 -31
leaf_value=-0.033539586139624343 0.53364913084290244 -0.56136064231395721 0.59217146851799707 0.40497995167970657 -0.67630469024181372 0.37494670463105045 -0.65264468312263491 0.042608724832534792 0.34965734057128434 0.32784708231687548 -0.48550395681099456 0.35437535384426949 0.77018352009356028 0.17250831793865254 -0.2775839939003899 0.25778385847806934 -0.22549956864432286 -0.25216568085764135 0.23336041986942294 -0.22424461713859012 0.39177293812944775 -0.34052205889796222 0.31100730717182162 -0.32702621005732441 0.26292569736639659 -0.27736136507544973 0.24314170810667909 -0.44252890348434448 0.025660620629787446 0.19814656838360761
leaf_weight=537 22 33 22 32 30 30 20 20 20 20 22 23 20 29 21 30 38 28 25 28 21 24 20 29 36 37 34 21 27 36
leaf_count=537 22 33 22 32 30 30 20 20 20 20 22 23 20 29 21 30 38 28 25 28 21 24 20 29 36 37 34 21 27 36
internal_value=-1.64415e-09 -0.00894157 0.00530048 -0.00496276 -0.0156627 0.000908552 -0.00871507 -0.305018 0.00181079 -0.00447939 -0.0105996 -0.000780127 -0.00862698 0.0995774 -0.0140847 0.0429616 -0.0532275 -0.0251632 -0.0178991 -0.0252891 -0.018512 -0.0292686 -0.0196546 -0.0283907 -0.0164945 -0.0310308 -0.0171159 -0.0313651 -0.179172 -0.0189834
internal_weight=1335 1313 1280 1258 1226 1196 1166 40 1126 1106 1086 1064 1041 138 118 97 67 903 875 850 822 801 777 757 728 692 655 621 48 573
internal_count=1335 1313 1280 1258 1226 1196 1166 40 1126 1106 1086 1064 1041 138 118 97 67 903 875 850 822 801 777 757 728 692 655 621 48 573
is_linear=0
shrinkage=0.1


Tree=70
num_leaves=31
num_cat=0
split_feature=5 5 5 6 10 6 7 5 5 8 2 4 2 3 11 1 6 6 3 3 5 5 11 6 10 5 3 11 2 0
split_gain=617.467 2375.02 1096.46 1177.53 696.701 1242.55 700.532 329.661 204.895 155.402 900.559 275.538 482.827 296.149 121.815 117.355 532.344 220.659 101.943 250.021 246.152 192.519 782.213 606.893 169.511 131.451 123.592 230.641 299.801 374.465
threshold=1009.6400000000001 921.30000000000007 871.78000000000009 823.90500000000009 11399600000.000002 735.49000000000012 2.5000000000000004 676.81500000000017 657.18000000000018 10.500000000000002 429.38500000000005 326.02000000000004 329.79000000000008 17143850.000000004 5132765000.000001 661.25000000000011 638.05000000000007 617.15000000000009 72867050.000000015 68137950.000000015 574.0100000000001 569.41500000000008 7644280000.000001 514.81500000000017 7760960000.000001 414.01500000000004 52666900.000000007 6533445000.000001 472.51000000000005 451.39500000000004
decision_type=2 2 2 2 2 2 2 2 2 2 2 2 2 2 2 2 2 2 2 2 2 2 2 2 2 2 2 2 2 2
left_child=1 2 3 4 5 7 -6 8 9 15 11 -11 -13 -14 -15 16 17 18 19 21 25 23 -23 26 -24 -20 27 28 29 -1
right_child=-2 -3 -4 -5 6 -7 -8 -9 -10 10 -12 12 13 14 -16 -17 -18 -19 20 -21 -22 22 24 -25 -26 -27 -28 -29 -30 -31
leaf_value=-0.018833596881523113 -0.42069316892062925 0.97626756915450097 -0.66365607047080999 0.67113263423626246 -0.83440938234329232 0.78776636347174644 -0.059518234325306757 -0.32893055427458978 0.25946446835994719 0.26833166288478033 0.71400041580200202 -0.52571260035037992 0.30059175017074896 -0.30635650657117369 0.0082464439794421203 0.21948132961988451 -0.46288274283762337 0.20615594236349521 0.1842234107687892 -0.3671536536379294 0.36847805624658414 -0.71391277357935912 0.24042618662118911 0.53619597107172012 -0.10214293222569933 -0.12219665944576263 0.11599937270812949 -0.28594406511102405 0.3588726604729891 -0.45998933851718909
leaf_weight=507 34 25 25 26 20 20 28 31 30 28 20 20 26 20 32 20 27 44 21 22 22 20 20 20 52 42 58 35 20 20
leaf_count=507 34 25 25 26 20 20 28 31 30 28 20 20 26 20 32 20 27 44 21 22 22 20 20 20 52 42 58 35 20 20
internal_value=5.58305e-10 0.0109943 -0.00791781 0.00518648 -0.00894789 0.00628167 -0.38239 -0.00722714 0.00162971 -0.00542781 0.0906246 -0.008324 -0.0873685 0.0250275 -0.112755 -0.0201895 -0.0253438 -0.0122612 -0.023449 -0.0348652 0.0805053 -0.025144 -0.160665 -0.00625322 -0.00698484 -0.0200566 -0.0232048 -0.0370773 -0.0211535 -0.0355758
internal_weight=1335 1301 1276 1251 1225 1177 48 1157 1126 1096 146 126 98 78 52 950 930 903 859 774 85 752 92 660 72 63 640 582 547 527
internal_count=1335 1301 1276 1251 1225 1177 48 1157 1126 1096 146 126 98 78 52 950 930 903 859 774 85 752 92 660 72 63 640 582 547 527
is_linear=0
shrinkage=0.1


Tree=71
num_leaves=31
num_cat=0
split_feature=11 4 6 6 1 2 2 2 5 5 2 4 1 8 2 0 7 11 5 6 3 5 3 5 11 6 10 6 3 11
split_gain=616.031 990.855 870.914 1600.47 590.223 886.721 630.792 323.107 160.559 168.043 167.637 420.007 222.685 131.858 891.96 365.454 179.741 237.497 115.105 108.809 90.274 232.337 202.773 164.201 626.28 491.583 138.017 107.308 308.774 297.968
threshold=16962500000.000002 1003.2050000000002 915.7700000000001 871.78000000000009 821.37 828.28000000000009 755.36500000000012 730.07000000000005 676.81500000000017 663.55500000000018 652.45000000000016 646.08000000000004 642.21500000000015 10.500000000000002 410.39000000000004 369.40500000000003 2.5000000000000004 4656360000.000001 625.07000000000016 615.98000000000013 72867050.000000015 574.0100000000001 68137950.000000015 569.41500000000008 7644280000.000001 514.81500000000017 7760960000.000001 447.98500000000007 24089350.000000004 6692425000.000001
decision_type=2 2 2 2 2 2 2 2 2 2 2 2 2 2 2 2 2 2 2 2 2 2 2 2 2 2 2 2 2 2
left_child=1 2 3 4 6 -6 7 8 9 10 11 12 13 18 15 16 -15 -18 19 20 22 -22 23 25 -25 27 -26 -1 -29 -30
right_child=-2 -3 -4 -5 5 -7 -8 -9 -10 -11 -12 -13 -14 14 -16 -17 17 -19 -20 -21 21 -23 -24 24 26 -27 -28 28 29 -31
leaf_value=-0.0055183487594021412 0.55081861376762387 -0.70687044024467471 0.6122732118419979 -0.89611624240875243 0.72704965626751938 -0.15145799160003662 -0.56492131531238554 0.39993050932884217 -0.20491877859219529 0.28874515101313591 0.28315606385469438 -0.44149828824129972 0.30770812682483512 0.2684561190140598 0.66795315254818322 -0.28590444654629038 -0.29303590774536137 0.16929191946983338 -0.22036725378462246 0.19122588470578195 -0.018050972951783074 0.36602657265251592 -0.33043827265501025 -0.64252149820327764 0.21638357158750299 0.48257635667920112 -0.10043846324763515 0.070216779458599207 -0.59814720928668974 -0.05228287324309349
leaf_weight=561 20 20 23 20 27 20 20 20 39 20 20 22 23 34 22 37 20 25 28 25 63 21 22 20 20 20 44 39 20 20
leaf_count=561 20 20 23 20 27 20 20 20 39 20 20 22 23 34 22 37 20 25 28 25 63 21 22 20 20 20 44 39 20 20
internal_value=4.02945e-10 -0.00837747 0.00241007 -0.00861733 0.00555997 0.353217 -0.00800009 0.00139943 -0.00544231 0.00146674 -0.00372817 -0.00901149 -6.90943e-05 -0.00686917 0.084171 -0.0265464 0.0949252 -0.0361871 -0.0207823 -0.0143956 -0.0204432 0.0779684 -0.0312351 -0.0223877 -0.154072 -0.0056279 -0.00143158 -0.0208843 -0.130002 -0.325215
internal_weight=1335 1315 1295 1272 1252 47 1205 1185 1165 1126 1106 1086 1064 1041 138 116 79 45 903 875 850 84 766 744 84 660 64 640 79 40
internal_count=1335 1315 1295 1272 1252 47 1205 1185 1165 1126 1106 1086 1064 1041 138 116 79 45 903 875 850 84 766 744 84 660 64 640 79 40
is_linear=0
shrinkage=0.1


Tree=72
num_leaves=31
num_cat=0
split_feature=10 0 1 8 3 5 0 8 3 10 6 1 6 3 1 3 5 3 11 3 10 2 6 8 7 6 8 11 1 5
split_gain=579.146 1531.21 687.136 407.772 1705.62 675.757 685.618 370.664 2193.83 493.214 361.561 202.06 176.645 164.303 149.057 133.498 70.1596 61.2461 230.04 164.638 105.09 199.116 129.11 803.148 264.183 331.399 297.956 286.297 235.355 148.645
threshold=16276600000.000002 930.77500000000009 898.21000000000015 11.500000000000002 12500400.000000002 816.52500000000009 745.46500000000003 10.500000000000002 8569545.0000000019 4965115000.000001 703.49000000000012 682.1350000000001 653.93000000000018 107840000.00000001 644.72000000000014 52064450.000000007 752.81500000000017 7891360.0000000009 2136240000.0000002 10832000.000000002 3127355000.0000005 226.23500000000004 447.98500000000007 3.5000000000000004 2.5000000000000004 491.78500000000003 5.5000000000000009 7719230000.000001 449.78500000000003 574.0100000000001
decision_type=2 2 2 2 2 2 2 2 2 2 2 2 2 2 2 2 2 2 2 2 2 2 2 2 2 2 2 2 2 2
left_child=1 2 3 5 -5 6 7 11 -9 -10 -11 12 13 14 17 -6 -17 18 -1 -19 -21 -22 28 -24 25 -25 -26 -27 -23 -28
right_child=-2 -3 -4 4 15 -7 -8 8 9 10 -12 -13 -14 -15 -16 16 -18 19 -20 20 21 22 23 24 26 27 29 -29 -30 -31
leaf_value=-0.021695728416865071 0.43440839687983196 -0.78506727975606916 0.4627127178013325 -0.95609804106795271 -0.11477831637388783 0.51455246439346902 -0.58138922631740575 1.0517663021936365 0.30394037056852274 -0.39459951913082292 0.13068900674581527 0.29712919632771184 -0.23069440803012334 0.26864287384918761 0.23163953951249519 0.2671348264271563 0.008348143696784974 0.22429624467060486 -0.34979189382149628 0.1963917019015009 -0.24814439836987542 0.0035878277718250761 -0.55480117917060856 -0.42418242273507301 0.36840004245440167 0.30755689382553103 -0.19177314175499813 -0.14563956830812538 0.33983347602188591 0.088011102293967275
leaf_weight=120 30 25 32 23 38 26 20 23 27 38 20 21 37 21 24 22 20 29 26 22 38 387 30 27 30 20 27 46 22 64
leaf_count=120 30 25 32 23 38 26 20 23 27 38 20 21 37 21 24 22 20 29 26 22 38 387 30 27 30 20 27 46 22 64
internal_value=1.28516e-09 -0.0099864 0.0051519 -0.00658043 -0.197164 0.0105638 -0.00114641 0.00941305 0.185333 -0.0491131 -0.213466 -0.0097589 -0.0164029 -0.0079047 -0.0142726 0.0210294 0.143903 -0.0209188 -0.0801238 -0.00926935 -0.0187692 -0.0256195 -0.0126701 -0.0702394 -0.00231014 -0.129045 0.0950978 -0.00830731 0.0216744 0.00499819
internal_weight=1335 1305 1280 1248 103 1145 1119 1099 108 85 58 991 970 933 912 80 42 888 146 742 713 691 653 244 214 93 121 66 409 91
internal_count=1335 1305 1280 1248 103 1145 1119 1099 108 85 58 991 970 933 912 80 42 888 146 742 713 691 653 244 214 93 121 66 409 91
is_linear=0
shrinkage=0.1


Tree=73
num_leaves=31
num_cat=0
split_feature=5 5 5 5 0 5 7 4 0 5 5 6 0 7 8 11 8 2 3 3 8 3 3 3 5 7 4 11 10 10
split_gain=569.218 2072.31 1008.33 1026.1 502.494 384.511 864.742 239.854 146.055 777.433 350.809 342.592 219.761 139.955 638.33 284.44 368.49 359.388 389.474 107.297 106.299 176.756 87.4266 112.241 193.109 230.732 280.253 135.447 292.533 131.922
threshold=1009.6400000000001 921.30000000000007 846.22500000000014 796.47000000000014 763.60500000000013 701.94500000000005 2.5000000000000004 667.68500000000006 627.55500000000018 623.79000000000008 657.18000000000018 615.98000000000013 650.32000000000005 5.5000000000000009 10.500000000000002 7005555000.000001 7.5000000000000009 243.77000000000001 37852200.000000007 96081100.000000015 1.5000000000000002 38176550.000000007 85187900.000000015 52064450.000000007 576.48500000000013 2.5000000000000004 417.41500000000002 7719230000.000001 7361295000.000001 6822720000.000001
decision_type=2 2 2 2 2 2 2 2 2 2 2 2 2 2 2 2 2 2 2 2 2 2 2 2 2 2 2 2 2 2
left_child=1 2 3 4 5 7 -7 8 9 11 12 13 -10 19 15 16 17 -15 -19 20 21 -1 23 27 25 -25 -27 28 29 -22
right_child=-2 -3 -4 -5 -6 6 -8 -9 10 -11 -12 -13 -14 14 -16 -17 -18 18 -20 -21 22 -23 -24 24 -26 26 -28 -29 -30 -31
leaf_value=0.0021621129512786864 -0.40392245930783893 0.91221855261176832 -0.53644230876650123 0.58554329713185627 -0.42519634110586985 0.75596391416731334 -0.14116866480220447 -0.30790093071185631 0.15272569730877877 -0.62813139468431478 0.46953909166834573 0.39177237224172462 -0.24844232120297174 -0.10905915668064899 0.59349901693917462 -0.32013118921414668 -0.18059896802580036 0.7077751417458058 0.091170652139754532 0.15409802015532148 -0.028631130945191308 -0.39137550805296217 -0.22223407115255084 -0.001034350718917518 -0.14491695420760098 0.036775171756744385 0.52615153509378432 -0.27738671218129723 0.33310170092365965 -0.27314496066259303
leaf_weight=25 34 25 35 30 28 21 22 26 36 20 22 22 22 22 21 23 37 20 21 33 543 21 21 58 33 22 25 22 22 23
leaf_count=25 34 25 35 30 28 21 22 26 36 20 22 22 22 22 21 23 37 20 21 33 543 21 21 58 33 22 25 22 22 23
internal_value=-3.59972e-11 0.010556 -0.0071098 0.007819 -0.00649291 0.00341723 0.296966 -0.00765522 -0.000647691 -0.0107193 0.129528 0.00145843 0.000558518 -0.00719773 0.083952 -0.00304385 0.0698862 0.216997 0.391953 -0.022676 -0.0298337 -0.177496 -0.0210008 -0.0153512 0.0660912 0.132408 0.297082 -0.0337759 -0.0246612 -0.0385672
internal_weight=1335 1301 1276 1241 1211 1183 43 1140 1114 1034 80 1014 58 992 144 123 100 63 41 848 815 46 769 748 138 105 47 610 588 566
internal_count=1335 1301 1276 1241 1211 1183 43 1140 1114 1034 80 1014 58 992 144 123 100 63 41 848 815 46 769 748 138 105 47 610 588 566
is_linear=0
shrinkage=0.1


Tree=74
num_leaves=31
num_cat=0
split_feature=1 11 2 0 2 11 10 6 3 3 1 2 1 3 8 11 8 1 10 6 2 11 1 4 10 10 10 10 3 6
split_gain=577.686 989.154 3458.35 2399.76 847.344 514.278 1305.73 1239.79 446.708 234.581 139.963 364.474 272.218 1412.77 355.383 285.735 424.376 194.955 177.987 163.609 132.903 125.773 110.756 92.0568 62.8849 192.681 387.78 356.561 159.839 118.288
threshold=1121.3200000000004 14581300000.000002 852.5200000000001 823.5200000000001 772.30500000000018 10179850000.000002 10363000000.000002 680.24500000000012 106234000.00000001 77531500.000000015 638.74000000000012 635.50000000000011 469.42500000000007 10005150.000000002 4.5000000000000009 7695180000.000001 7.5000000000000009 455.48500000000007 8998385000.0000019 451.91000000000003 586.24500000000012 6761410000.000001 589.8900000000001 607.06000000000006 6506625000.000001 5649845000.000001 5883130000.000001 5410475000.000001 59199450.000000007 383.39000000000004
decision_type=2 2 2 2 2 2 2 2 2 2 2 2 2 2 2 2 2 2 2 2 2 2 2 2 2 2 2 2 2 2
left_child=1 2 3 4 5 7 -7 10 9 -8 12 -12 17 -14 -15 16 -16 19 20 24 -17 -19 -20 -24 25 27 -27 29 -28 -1
right_child=-2 -3 -4 -5 -6 6 8 -9 -10 -11 11 -13 13 14 15 18 -18 21 22 -21 -22 -23 23 -25 -26 26 28 -29 -30 -31
leaf_value=-0.0077902754372620245 0.50819005424326125 -0.51127739972189856 1.2493904568932273 -0.91443762902555792 0.60718645220217504 -0.88527977673903768 -0.033453586587199456 0.79348303496837624 -0.38715411140160128 0.41840114116668703 -0.4109360042427268 0.094879862486288477 0.88457045044217786 -0.24788451485144788 0.56601450214019189 -0.36120695479214193 0.038835218407817791 -0.41306008189916615 -0.087157135292887697 0.24235045397281649 0.003351098746061325 -0.058414607122540478 0.32296391341157937 0.045024173248272681 -0.13512713891822239 0.40517409821040928 0.1898253753133442 -0.43646741339138578 -0.13953811061091539 -0.24426874315196817
leaf_weight=549 22 38 22 29 23 23 27 20 22 20 28 29 21 39 26 20 37 20 25 25 20 20 22 26 43 32 23 21 41 22
leaf_count=549 22 38 22 29 23 23 27 20 22 20 28 29 21 39 26 20 37 20 25 25 20 20 22 26 43 32 23 21 41 22
internal_value=2.00716e-09 -0.00851499 0.0064693 -0.0153537 0.00594809 -0.00556605 -0.232761 0.0132815 -0.0152553 0.158825 -0.00104723 -0.153591 0.00737816 0.101701 0.0252352 0.0857561 0.256401 -0.0205871 -0.0093824 -0.00920344 -0.178928 -0.235737 0.0835193 0.172413 -0.0178065 -0.010474 0.120943 -0.0317848 -0.0211731 -0.0169015
internal_weight=1335 1313 1275 1253 1224 1201 92 1109 69 47 1089 57 1032 236 215 176 63 796 113 756 40 40 73 48 731 688 96 592 64 571
internal_count=1335 1313 1275 1253 1224 1201 92 1109 69 47 1089 57 1032 236 215 176 63 796 113 756 40 40 73 48 731 688 96 592 64 571
is_linear=0
shrinkage=0.1


Tree=75
num_leaves=31
num_cat=0
split_feature=4 5 6 6 1 4 5 4 0 5 5 6 1 7 3 11 8 5 8 7 8 8 1 6 6 6 6 0 8 2
split_gain=540.668 1879.1 805.995 1990.16 1275.06 347.405 203.176 196.756 158.893 627.237 328.28 285.948 158.559 98.202 590.229 302.33 312.35 258.244 89.6227 144.478 111.473 188.433 392.656 158.925 99.4945 282.774 325.983 281.655 391.566 263.326
threshold=1040.5250000000003 962.49000000000012 803.61000000000013 770.98000000000013 881.72500000000014 748.5200000000001 701.94500000000005 667.68500000000006 627.55500000000018 623.79000000000008 649.99000000000012 615.98000000000013 642.21500000000015 5.5000000000000009 1.0000000180025095e-35 6920095000.000001 7.5000000000000009 417.95500000000004 1.5000000000000002 2.5000000000000004 2.5000000000000004 3.5000000000000004 420.03000000000003 380.20500000000004 442.68500000000006 453.58000000000004 460.96500000000009 401.76000000000005 4.5000000000000009 363.06000000000006
decision_type=2 2 2 2 2 2 2 2 2 2 2 2 2 2 2 2 2 2 2 2 2 2 2 2 2 2 2 2 2 2
left_child=1 2 3 5 -4 6 7 8 9 11 12 13 -10 18 -15 16 17 -16 19 -1 23 22 -22 -20 27 -26 -27 29 -29 -23
right_child=-2 -3 4 -5 -6 -7 -8 -9 10 -11 -12 -13 -14 14 15 -17 -18 -19 20 -21 21 24 -24 -25 25 26 -28 28 -30 -31
leaf_value=0.035966546336809797 -0.42706826925277713 0.94779087411505847 0.11839279681444169 0.8958819169998169 -0.74915630933311261 -0.40878320080893382 0.25009013004601005 -0.2828457791507244 0.14054297387599946 -0.56425503686070444 0.34430101727828005 0.35784740529277109 -0.25288227626255583 0.5596739595844632 0.059499749374624933 -0.33237223736941818 -0.14802357147379619 0.50343775123357781 -0.0040858991444110869 -0.29572521475111618 -0.012244501019026651 -0.026096369784649728 -0.53978052238623309 0.35116748273372655 0.33626119347910088 -0.36561053239163899 0.054887210977393276 0.068925202727317822 -0.44924710341862273 0.25691230038387908
leaf_weight=24 29 21 32 25 36 21 32 25 20 20 39 22 21 21 38 24 41 20 34 29 43 379 21 20 30 21 151 25 35 36
leaf_count=24 29 21 32 25 36 21 32 25 20 20 39 22 21 21 38 24 41 20 34 29 43 379 21 20 30 21 151 25 35 36
internal_value=-1.94406e-09 0.00948314 -0.00585107 0.0128697 -0.340898 -0.00564985 0.0015797 -0.00540216 0.000824135 -0.00968084 0.136601 0.00125751 -0.0609675 -0.00665073 0.0697014 -0.0139525 0.0632402 0.212582 -0.0196162 -0.145525 -0.0112223 -0.0213308 -0.185342 0.127489 -0.00582602 0.0529603 0.00354737 -0.0308257 -0.233342 -0.00154622
internal_weight=1335 1306 1285 1217 68 1192 1171 1139 1114 1034 80 1014 41 992 144 123 99 58 848 53 795 741 64 54 677 202 172 475 60 415
internal_count=1335 1306 1285 1217 68 1192 1171 1139 1114 1034 80 1014 41 992 144 123 99 58 848 53 795 741 64 54 677 202 172 475 60 415
is_linear=0
shrinkage=0.1


Tree=76
num_leaves=31
num_cat=0
split_feature=1 0 6 6 6 10 4 5 5 6 2 1 10 10 7 1 3 2 3 4 6 5 2 0 1 4 6 10 1 8
split_gain=545.496 913.888 735.458 573.855 1045.93 309.812 281.398 164.573 161.012 279.287 126.253 755.983 255.688 208.525 109.772 544.692 153.905 129.848 163.68 119.926 260.398 488.628 315.091 159.644 160.908 230.336 195.963 75.214 301.129 213.32
threshold=1121.3200000000004 930.77500000000009 896.92500000000007 803.61000000000013 770.98000000000013 10545900000.000002 748.5200000000001 701.94500000000005 665.40500000000009 657.18000000000018 612.08500000000015 614.5100000000001 10153200000.000002 8385035000.000001 5.5000000000000009 500.52000000000004 9049995.0000000019 239.89000000000001 37852200.000000007 593.91500000000008 585.56500000000017 576.48500000000013 532.62500000000011 497.78500000000003 469.42500000000007 452.91000000000003 451.91000000000003 3366020000.0000005 237.47500000000005 1.5000000000000002
decision_type=2 2 2 2 2 2 2 2 2 2 2 2 2 2 2 2 2 2 2 2 2 2 2 2 2 2 2 2 2 2
left_child=1 2 3 4 6 -5 7 8 9 10 11 14 13 -12 19 16 -16 -18 -19 20 21 22 23 24 25 26 27 28 -1 -29
right_child=-2 -3 -4 5 -6 -7 -8 -9 -10 -11 12 -13 -14 -15 15 -17 17 18 -20 -21 -22 -23 -24 -25 -26 -27 -28 29 -30 -31
leaf_value=-0.018591912284367875 0.49382846138694075 -0.52786599046578908 0.57831719846210694 -0.61422251566596664 0.67574191896811786 -0.076070749759674081 -0.36790486978633063 0.22508112601935865 -0.24169690225805557 0.35386016395958991 0.083129530903455373 -0.59543757211755632 -0.168043885509605 0.47766168798719139 -0.22464066551854978 0.51291024293750531 -0.16031487670473077 0.25779551204882173 -0.05183967712425417 -0.19759838504450664 0.2805754763012131 -0.49548520140704655 0.35799000434901407 -0.28963565570967542 0.20576403649298081 -0.3065699371509254 0.29200628669488998 -0.27200345920549857 0.32388973092660311 -0.020731076773897697
leaf_weight=178 22 33 22 23 23 20 21 32 28 22 37 22 23 21 26 24 22 38 31 35 30 21 23 21 33 27 21 37 30 389
leaf_count=178 22 33 22 23 23 20 21 32 28 22 37 22 23 21 26 24 22 38 31 35 30 21 23 21 33 27 21 37 30 389
internal_value=-3.08767e-10 -0.00827435 0.00512137 -0.00490272 0.00780321 -0.363919 -0.00508486 0.00142173 -0.00486194 0.0011069 -0.00601943 -0.0156715 0.114095 0.225977 -0.00273551 0.0789465 -0.0100717 0.0512338 0.118684 -0.0163653 -0.00853424 -0.0196538 -0.00648855 -0.0178785 -0.00989682 -0.020332 -0.00853291 -0.0184877 0.0308045 -0.0425552
internal_weight=1335 1313 1280 1258 1215 43 1192 1171 1139 1111 1089 1008 81 58 986 141 117 91 69 845 810 780 759 736 715 682 655 634 208 426
internal_count=1335 1313 1280 1258 1215 43 1192 1171 1139 1111 1089 1008 81 58 986 141 117 91 69 845 810 780 759 736 715 682 655 634 208 426
is_linear=0
shrinkage=0.1


Tree=77
num_leaves=31
num_cat=0
split_feature=10 0 6 8 3 5 8 3 0 1 10 7 7 6 1 5 6 5 3 5 2 4 2 5 11 4 2 10 5 6
split_gain=522.676 1327.67 595.721 539.879 1838.64 915.236 706.673 3317.56 1832.59 539.46 419.855 245.156 541.551 242.552 236.148 145.72 135.002 144.673 107.363 280.168 468.958 200.53 136.338 111.256 282.614 119.208 325.42 137.776 152.862 257.516
threshold=16276600000.000002 930.77500000000009 896.92500000000007 11.500000000000002 11747750.000000002 828.70500000000015 10.500000000000002 8569545.0000000019 763.60500000000013 685.2700000000001 4965115000.000001 4.5000000000000009 2.5000000000000004 703.49000000000012 666.6450000000001 655.16000000000008 638.05000000000007 627.19500000000005 18344450.000000004 569.41500000000008 474.31500000000005 596.05500000000006 380.435 592.1450000000001 9620055000.0000019 225.86500000000004 226.23500000000004 3404845000.0000005 262.97000000000008 281.62500000000006
decision_type=2 2 2 2 2 2 2 2 2 2 2 2 2 2 2 2 2 2 2 2 2 2 2 2 2 2 2 2 2 2
left_child=1 2 3 5 -5 6 8 -8 9 14 -9 12 -6 -12 15 16 17 18 19 20 22 -21 -1 25 -25 -20 -27 -28 -29 -30
right_child=-2 -3 -4 4 11 -7 7 10 -10 -11 13 -13 -14 -15 -16 -17 -18 -19 23 21 -22 -23 -24 24 -26 26 27 28 29 -31
leaf_value=-0.031194810333465217 0.41268654584884645 -0.73121647399663925 0.52048549394715915 -1.0581443230311076 -0.14076299954205751 0.65436083620244812 1.1849849028246744 0.26356530465461592 -0.97139455437660216 0.5095283591747285 -0.36520511961885194 -0.3024025369096886 0.4600979430601001 0.046239927864593008 -0.3552069073915482 0.25250130948566257 -0.22624754950661086 0.25890961177647115 0.19536059362621144 -0.51879024732680556 0.43117312916687561 -0.08177631050348283 -0.24381560670478006 0.38751175736005489 -0.066526238363364645 -0.4083181434869767 0.18354038971547898 -0.15659976109625803 0.24817080550440929 -0.018017336347256788
leaf_weight=218 30 25 22 21 40 22 28 27 20 20 38 22 24 23 20 21 29 20 29 21 21 21 35 26 29 20 39 63 41 320
leaf_count=218 30 25 22 21 40 22 28 27 20 20 38 22 24 23 20 21 29 20 29 21 21 21 35 26 29 20 39 63 41 320
internal_value=-9.20161e-10 -0.00948705 0.00460923 -0.00441245 -0.219272 0.0155614 0.0031136 0.23691 -0.0236587 -0.00457042 -0.0647501 -0.0144305 0.0845599 -0.21007 -0.0151377 -0.00800089 -0.0138706 -0.00705006 -0.0130741 -0.0597825 -0.0229174 -0.300283 -0.0606088 0.0129575 0.14811 -0.00156086 -0.0133843 0.00367548 -0.0128687 0.0122146
internal_weight=1335 1305 1280 1258 107 1151 1129 116 1013 993 88 86 64 61 973 953 932 903 883 316 274 42 253 567 55 512 483 463 424 361
internal_count=1335 1305 1280 1258 107 1151 1129 116 1013 993 88 86 64 61 973 953 932 903 883 316 274 42 253 567 55 512 483 463 424 361
is_linear=0
shrinkage=0.1


Tree=78
num_leaves=31
num_cat=0
split_feature=5 5 5 5 0 5 7 4 1 5 6 4 8 1 3 1 4 7 10 5 10 10 11 10 8 3 1 11 11 2
split_gain=534.303 1920.9 811.945 886.089 542.242 214.05 696.623 164.61 124.993 194.715 230.098 139.585 374.752 270.936 981.495 209.295 181.805 133.503 117.417 83.3173 75.2536 128.928 145.812 188.402 172.027 253.228 164.933 155.504 120.945 111.999
threshold=1009.6400000000001 921.30000000000007 846.22500000000014 796.47000000000014 763.60500000000013 701.94500000000005 2.5000000000000004 667.68500000000006 655.75500000000011 632.92500000000007 624.75000000000011 583.67000000000007 6.5000000000000009 500.52000000000004 20666800.000000004 583.2750000000002 546.49000000000012 4.5000000000000009 8329685000.000001 608.1400000000001 6965330000.000001 6506625000.000001 5649845000.000001 5410475000.000001 2.5000000000000004 15254600.000000002 451.37000000000006 6337900000.000001 5171350000.000001 380.435
decision_type=2 2 2 2 2 2 2 2 2 2 2 2 2 2 2 2 2 2 2 2 2 2 2 2 2 2 2 2 2 2
left_child=1 2 3 4 5 7 -7 8 9 10 11 13 -13 20 -15 16 -16 19 -10 -14 21 22 23 28 29 -26 27 -27 -1 -24
right_child=-2 -3 -4 -5 -6 6 -8 -9 18 -11 -12 12 17 14 15 -17 -18 -19 -20 -21 -22 -23 24 -25 25 26 -28 -29 -30 -31
leaf_value=-0.025424528084814303 -0.39133818394997544 0.87832574939727781 -0.48177687449114659 0.54347907523314154 -0.44163292976362367 0.63460096404666 -0.17061480310830204 -0.25338281033417354 0.34061377048492436 -0.27689852905101503 0.32781760536489035 -0.50686585359275349 0.19745843731440033 0.76858383814493825 0.070427097320556645 0.26250311173498631 -0.31094456017017369 -0.21767543165580086 0.039877218008041386 -0.060922451441486683 0.16964619227431038 -0.1575739462997337 0.088336643725633629 -0.28107352160981725 0.33273025706410408 0.23004221206773884 -0.27806886230409145 -0.11084696697071195 0.19531097996693392 0.4189915815989177
leaf_weight=548 34 25 35 30 28 21 22 26 20 26 21 20 26 21 25 20 25 23 37 24 22 61 20 28 20 23 25 32 26 21
leaf_count=548 34 25 35 30 28 21 22 26 20 26 21 20 26 21 25 20 25 23 37 24 22 61 20 28 20 23 25 32 26 21
internal_value=3.25126e-10 0.0102271 -0.00678107 0.00661527 -0.00668442 0.00361022 0.22263 -0.00465105 0.00115418 -0.00662439 0.000191448 -0.00662058 -0.123356 0.00521841 0.168982 -0.0108982 -0.120259 -0.0182843 0.145399 0.0734356 -0.0128234 -0.0178163 -0.00634227 -0.0277818 0.0851937 0.0144675 -0.0650982 0.0317067 -0.0154261 0.257696
internal_weight=1335 1301 1276 1241 1211 1183 43 1140 1114 1057 1031 1010 93 917 91 70 50 73 57 50 826 804 743 602 141 100 80 55 574 41
internal_count=1335 1301 1276 1241 1211 1183 43 1140 1114 1057 1031 1010 93 917 91 70 50 73 57 50 826 804 743 602 141 100 80 55 574 41
is_linear=0
shrinkage=0.1


Tree=79
num_leaves=31
num_cat=0
split_feature=1 0 1 11 6 5 5 6 2 1 6 6 6 1 8 0 6 8 7 7 3 3 3 11 4 3 5 2 2 3
split_gain=494.335 1394.29 531.303 287.568 1156.45 403.542 392.105 155.78 211.506 155.767 174.323 213.332 72.8617 1264.23 483.351 176.622 393.379 258.91 365.616 277.008 94.5203 337.919 152.63 108.697 404.477 253.903 252.048 262.925 92.2838 76.9488
threshold=1049.5350000000003 930.77500000000009 898.21000000000015 11890450000.000002 818.56500000000017 735.49000000000012 676.81500000000017 665.40500000000009 649.24500000000012 656.99500000000012 638.05000000000007 624.75000000000011 447.98500000000007 457.67500000000007 3.5000000000000004 447.78500000000003 460.96500000000009 6.5000000000000009 2.5000000000000004 4.5000000000000009 32047100.000000004 37204200.000000007 29245550.000000004 5739795000.000001 409.90500000000003 76557400.000000015 325.82000000000005 254.10000000000005 363.06000000000006 35948700.000000007
decision_type=2 2 2 2 2 2 2 2 2 2 2 2 2 2 2 2 2 2 2 2 2 2 2 2 2 2 2 2 2 2
left_child=1 2 3 4 5 6 7 8 9 10 11 12 13 20 -14 -16 -17 18 -18 29 22 -22 -1 26 -25 -26 27 -23 -28 -19
right_child=-2 -3 -4 -5 -6 -7 -8 -9 -10 -11 -12 -13 14 -15 15 16 17 19 -20 -21 21 23 -24 24 25 -27 28 -29 -30 -31
leaf_value=-0.022471563744225674 0.38829998560249807 -0.78123057497584303 0.40667509008198977 0.28992016105912627 -0.63768400709176887 0.4162629307612129 -0.32266442607107915 0.28053364902734756 0.29255790313084923 -0.26503815521364626 -0.28723267982048645 0.29236231017112735 -0.44939838250478109 0.74250738879908695 0.25433612465858463 -0.40448903876543052 -0.11848660230636597 -0.068834614099525834 0.4334915985663732 -0.27863124780930004 0.36745071900742399 -0.20648363842205569 -0.27148433926586923 0.41979562513530255 0.058089030671578196 -0.34935863643884657 -0.39532734100585398 0.23718549802022826 -0.10538237165837061 0.11014871512507569
leaf_weight=462 32 23 32 32 29 23 38 20 24 23 21 25 27 23 24 25 20 41 30 39 28 22 26 25 65 20 23 34 21 58
leaf_count=462 32 23 32 32 29 23 38 20 24 23 21 25 27 23 24 25 20 41 30 39 28 22 26 25 65 20 23 34 21 58
internal_value=7.74358e-11 -0.00953615 0.00433024 -0.0059863 -0.0137733 0.00146966 -0.00672642 0.00393578 -0.00106599 -0.0075789 -0.00198724 0.00378362 -0.00333827 0.012584 -0.0485118 -0.00284116 -0.0318189 0.0177383 0.2127 -0.0529001 -0.0105403 0.041127 -0.0357386 -0.00238279 0.0662137 -0.037781 -0.0778389 0.0628869 -0.256945 0.0360243
internal_weight=1335 1303 1280 1248 1216 1187 1164 1126 1106 1082 1059 1038 1013 749 264 237 213 188 50 138 726 238 488 210 110 85 100 56 44 99
internal_count=1335 1303 1280 1248 1216 1187 1164 1126 1106 1082 1059 1038 1013 749 264 237 213 188 50 138 726 238 488 210 110 85 100 56 44 99
is_linear=0
shrinkage=0.1


Tree=80
num_leaves=31
num_cat=0
split_feature=4 5 6 4 1 1 3 11 0 3 3 11 1 10 6 1 2 6 1 1 2 3 7 3 11 8 3 3 8 3
split_gain=520.854 1760.94 580.186 1346.98 1269.32 239.364 77.1266 132.675 346.636 612.96 241.22 143.986 344.299 277.878 420.642 470.634 337.494 449.453 746.299 239.309 130.577 68.2645 297.798 153.356 137.782 129.466 92.4982 208.931 148.964 127.092
threshold=1040.5250000000003 962.49000000000012 803.61000000000013 774.06000000000006 881.72500000000014 757.25500000000011 138279000.00000003 9667365000.0000019 683.35500000000013 91064850.000000015 96081100.000000015 8452045000.000001 589.8900000000001 8222935000.000001 617.15000000000009 589.8900000000001 521.81000000000006 502.03000000000003 491.90500000000003 632.95000000000016 587.56000000000006 68137950.000000015 1.5000000000000002 52064450.000000007 6551850000.000001 7.5000000000000009 46957650.000000007 33700650.000000007 7.5000000000000009 30261200.000000004
decision_type=2 2 2 2 2 2 2 2 2 2 2 2 2 2 2 2 2 2 2 2 2 2 2 2 2 2 2 2 2 2
left_child=1 2 3 5 -4 6 7 10 9 -9 11 13 -13 14 15 16 17 18 21 -16 -17 23 -23 24 26 -25 27 29 -29 -1
right_child=-2 -3 4 -5 -6 -7 -8 8 -10 -11 -12 12 -14 -15 19 20 -18 -19 -20 -21 -22 22 -24 25 -26 -27 -28 28 -30 -31
leaf_value=-0.016929219692650408 -0.41916986950512591 0.91763453639688963 0.1684531768783927 0.72238764731356742 -0.69713820988933251 -0.33982128415788926 0.18627666817470032 -0.032247632954801833 0.14726857676198987 -0.69393366518474764 0.29710482118119086 -0.1208943391362062 0.36568081900477412 -0.36098997918042275 0.078465818643569954 -0.52188847121738247 0.38570381023667077 -0.47943386077880867 0.56192931817925496 0.53068333965810865 -0.16486121263355016 -0.42393508269673302 0.033765643699602652 0.048511148679931212 -0.26292007338741552 0.34710862245410684 -0.20626665689051152 0.26848069578409195 -0.020500921507676444 -0.2436409698584332
leaf_weight=505 29 21 32 26 36 21 22 42 33 21 28 26 33 22 25 21 22 20 23 22 20 21 44 53 23 20 24 44 30 26
leaf_count=505 29 21 32 26 36 21 22 42 33 21 28 26 33 22 25 21 22 20 23 22 20 21 44 53 23 20 24 44 30 26
internal_value=1.38171e-09 0.00930776 -0.0055365 0.0103468 -0.289801 -0.00519731 0.000808756 -0.00274551 -0.115283 -0.25281 0.00752405 -0.000394172 0.151258 -0.00966616 -0.00146985 -0.0167665 -0.000895747 -0.0111061 0.00041492 0.290142 -0.347729 -0.015933 -0.114107 -0.00713117 -0.0225205 0.130319 -0.01373 -0.00609223 0.151326 -0.02803
internal_weight=1335 1306 1285 1217 68 1191 1170 1148 96 63 1052 1024 59 965 943 896 855 833 813 47 41 790 65 725 652 73 629 605 74 531
internal_count=1335 1306 1285 1217 68 1191 1170 1148 96 63 1052 1024 59 965 943 896 855 833 813 47 41 790 65 725 652 73 629 605 74 531
is_linear=0
shrinkage=0.1


Tree=81
num_leaves=31
num_cat=0
split_feature=1 5 5 5 5 5 6 0 5 0 6 1 1 4 7 7 2 10 1 10 1 4 11 5 3 0 10 1 1 0
split_gain=472.39 832.816 697.654 1452.67 709.706 585.214 183.579 236.084 144.062 274.942 258.653 82.4187 87.8993 738.707 244.786 705.509 739.362 452.761 157.077 151.274 140.136 154.405 132.029 84.6352 80.6499 207.447 319.226 375.174 163.33 122.132
threshold=1121.3200000000004 988.59000000000003 895.60500000000013 846.22500000000014 796.47000000000014 770.98000000000013 735.49000000000012 708.10000000000014 667.19500000000005 659.91500000000008 655.15000000000009 638.74000000000012 469.42500000000007 488.79000000000008 1.5000000000000002 2.5000000000000004 510.68500000000006 7700735000.000001 599.70000000000016 7867080000.000001 455.48500000000007 444.68000000000006 6761410000.000001 610.56000000000006 19355450.000000004 384.13500000000005 4784130000.000001 315.49500000000006 261.07000000000005 234.87500000000003
decision_type=2 2 2 2 2 2 2 2 2 2 2 2 2 2 2 2 2 2 2 2 2 2 2 2 2 2 2 2 2 2
left_child=1 2 3 4 5 6 7 8 9 10 11 12 20 -14 19 -16 -17 -18 -19 -15 21 24 -22 -20 25 26 27 28 -1 -26
right_child=-2 -3 -4 -5 -6 -7 -8 -9 -10 -11 -12 -13 13 14 15 16 17 18 23 -21 22 -23 -24 -25 29 -27 -28 -29 -30 -31
leaf_value=-0.042745761233985567 0.45954802307215603 -0.61778988770463261 0.47929625307520229 -0.85411065250635154 0.48545210520426435 -0.54336499467492105 0.26489360458575767 -0.33603264944893974 0.21856684088706971 -0.36190869318587437 0.3428016486493024 -0.14262772645892166 0.51914963255325952 0.36553757909847345 -0.54042996979422042 -0.50212456214411016 0.52752915050672455 -0.14309843557350563 0.29081266721089682 0.024661972721417746 -0.37797989487648009 0.23522733299491497 -0.014621787704527378 0.018495612561702731 0.14682183142323965 -0.36266171917319301 0.31198146134614946 -0.37741241707946316 0.25596203520894051 -0.0063509456228307438
leaf_weight=216 22 22 30 20 30 20 26 21 30 21 22 41 30 23 27 22 23 33 21 30 20 26 20 25 61 20 25 33 20 355
leaf_count=216 22 22 30 20 30 20 26 21 30 21 22 41 30 23 27 22 23 33 21 30 20 26 20 25 61 20 25 33 20 355
internal_value=3.67646e-11 -0.00769997 0.00269661 -0.008642 0.0049836 -0.00691901 0.00208932 -0.00377584 0.00232328 -0.00350015 0.00338601 -0.00358611 0.00194856 0.055828 -0.0123076 -0.0772051 0.0236584 0.137063 0.0233824 0.172589 -0.0138904 -0.00423901 -0.196301 0.142814 -0.012768 -0.051026 -0.0298262 -0.0615928 -0.0174315 0.0161095
internal_weight=1335 1313 1291 1261 1241 1211 1191 1165 1144 1114 1093 1071 1030 234 204 151 124 102 79 53 796 756 40 46 730 314 294 269 236 416
internal_count=1335 1313 1291 1261 1241 1211 1191 1165 1144 1114 1093 1071 1030 234 204 151 124 102 79 53 796 756 40 46 730 314 294 269 236 416
is_linear=0
shrinkage=0.1


Tree=82
num_leaves=31
num_cat=0
split_feature=3 10 2 6 1 11 11 5 5 0 4 6 6 1 7 8 8 3 1 4 6 2 5 11 10 11 0 2 1 0
split_gain=499.294 2312.17 852.443 2851.98 2736.75 1648.9 840.249 2163.3 1258.85 428.087 253.149 418.079 206.29 62.0766 78.8694 514.791 197.084 206.348 96.2447 116.121 174.862 147.073 431.282 141.642 158.93 150.453 191.498 202.949 400.43 194.198
threshold=188464000.00000003 16276600000.000002 808.5350000000002 921.30000000000007 821.37 11018250000.000002 10214150000.000002 752.81500000000017 667.19500000000005 683.35500000000013 646.08000000000004 635.96500000000003 715.00500000000011 629.19000000000017 5.5000000000000009 10.500000000000002 4.5000000000000009 35948700.000000007 614.5100000000001 598.14000000000021 592.3850000000001 575.32000000000005 574.0100000000001 6945365000.000001 6506625000.000001 6036690000.000001 401.76000000000005 363.06000000000006 363.55500000000001 435.53500000000003
decision_type=2 2 2 2 2 2 2 2 2 2 2 2 2 2 2 2 2 2 2 2 2 2 2 2 2 2 2 2 2 2
left_child=1 2 4 5 6 -4 8 9 10 -8 11 13 -11 14 18 16 17 -16 19 20 21 22 23 24 25 26 27 28 -1 -28
right_child=-2 -3 3 -5 -6 -7 7 -9 -10 12 -12 -13 -14 -15 15 -17 -18 -19 -20 -21 -22 -23 -24 -25 -26 -27 29 -29 -30 -31
leaf_value=-0.0086059467823999588 -0.49589027298381555 1.0745486867427825 -0.47607861665578988 -1.3233590145905814 1.1422144337069422 0.68629280484240995 -0.30138038594056582 -1.1904914523874011 0.73152792453765869 0.40834348917007451 -0.3152033362388611 0.42843881437312004 -0.045848520249128347 -0.15827882242202762 0.38959609213329499 0.52736347885358903 -0.097859689754592943 -0.059218691661953926 0.18322491043806077 -0.21610748640128544 0.27582659639772916 0.2445917414412612 -0.47060172926811944 0.16088725878132715 -0.1723692558356561 0.11851789644324635 -0.45431594353169208 0.17199393609272584 -0.44594057337804283 -0.04926817599555542
leaf_weight=433 20 20 26 21 21 23 34 21 24 20 25 23 20 25 21 21 82 20 25 28 21 21 21 45 64 83 20 56 22 29
leaf_count=433 20 20 26 21 21 23 34 21 24 20 25 23 20 25 21 21 82 20 25 28 21 21 21 45 64 83 20 56 22 29
internal_value=-1.24675e-09 0.00754206 -0.00893681 -0.348341 0.0104577 0.0695243 -0.00928225 -0.294709 0.0151682 -0.0405005 -0.000677549 0.00674051 0.181247 -0.00261249 0.00123302 0.0697728 -0.00835244 0.170662 -0.0101376 -0.015872 -0.00899273 -0.0165257 -0.0236195 -0.0111373 -0.0220865 -0.00712833 -0.0257509 -0.00764268 -0.0297518 -0.214594
internal_weight=1335 1315 1295 70 1225 49 1204 95 1109 74 1085 1060 40 1037 1012 144 123 41 868 843 815 794 773 752 707 643 560 511 455 49
internal_count=1335 1315 1295 70 1225 49 1204 95 1109 74 1085 1060 40 1037 1012 144 123 41 868 843 815 794 773 752 707 643 560 511 455 49
is_linear=0
shrinkage=0.1


Tree=83
num_leaves=31
num_cat=0
split_feature=5 6 6 5 4 2 6 10 11 5 1 11 2 10 6 3 1 3 1 3 10 4 4 1 5 1 7 11 4 11
split_gain=520.856 1706.4 1035.72 577.16 464.036 342.789 313.805 149.76 235.264 131.934 657.885 426.128 182.721 298.69 202.674 256.243 181.667 1285.49 220.278 158.893 64.6018 144.343 290.638 143.639 80.6515 151.399 89.375 198.305 161.142 641.03
threshold=1009.6400000000001 915.7700000000001 871.78000000000009 834.45000000000016 803.61000000000013 745.05000000000007 715.00500000000011 10726700000.000002 10332300000.000002 583.67000000000007 589.8900000000001 7695180000.000001 595.90000000000009 8186510000.000001 653.93000000000018 39645700.000000007 500.52000000000004 24089350.000000004 573.37000000000012 35693250.000000007 6965330000.000001 447.57000000000005 458.29500000000007 448.45500000000004 437.75500000000005 432.39000000000004 3.5000000000000004 5739795000.000001 290.01000000000005 4656360000.000001
decision_type=2 2 2 2 2 2 2 2 2 2 2 2 2 2 2 2 2 2 2 2 2 2 2 2 2 2 2 2 2 2
left_child=1 2 3 4 5 6 7 8 9 10 16 -11 19 -14 15 -15 20 -18 -19 -13 21 23 -23 24 25 26 27 -1 -28 -30
right_child=-2 -3 -4 -5 -6 -7 -8 -9 -10 11 -12 12 13 14 -16 -17 17 18 -20 -21 -22 22 -24 -25 -26 -27 28 -29 29 -31
leaf_value=-0.0028634517346522621 -0.38638233472319211 0.76858198244510034 -0.7211383581161499 0.52404466583615261 -0.47070528212047763 0.33724200179179514 -0.35557412087917328 0.26094093647870154 -0.30585040855407719 0.47434119731187824 -0.55146447928114373 -0.36195520997047426 0.33048748373985293 0.36987203877419234 -0.28595753897513665 -0.057493762767061279 0.77196150849694789 -0.37802330326466338 0.047243617577799435 0.036659153625369076 0.15772957062687387 -0.42535710859298703 0.023794208642314463 0.24768352576277475 0.17683654292063281 -0.2413235024645411 0.0077394962773879583 0.21848291657541111 -0.64248994567564566 -0.026913642557873124
leaf_weight=337 34 29 20 21 21 30 25 22 25 24 22 20 35 20 21 47 23 21 29 20 22 25 34 22 22 29 181 46 21 87
leaf_count=337 34 29 20 21 21 30 25 22 25 24 22 20 35 20 21 47 23 21 29 20 22 25 34 22 22 29 181 46 21 87
internal_value=1.59558e-09 0.0100976 -0.00719487 0.00420998 -0.00465804 0.00343038 -0.00505635 0.00253061 -0.00248706 0.00435778 -0.0111911 0.0809383 0.0230139 0.0833918 -0.0148849 0.0700781 0.00203023 0.153242 -0.131368 -0.162648 -0.0113335 -0.0159597 -0.166524 -0.00403575 -0.0116953 -0.0176121 -0.00795788 0.0237212 -0.0499409 -0.146609
internal_weight=1335 1301 1272 1252 1231 1210 1180 1155 1133 1108 921 187 163 123 88 67 899 73 50 40 826 804 59 745 723 701 672 383 289 108
internal_count=1335 1301 1272 1252 1231 1210 1180 1155 1133 1108 921 187 163 123 88 67 899 73 50 40 826 804 59 745 723 701 672 383 289 108
is_linear=0
shrinkage=0.1


Tree=84
num_leaves=31
num_cat=0
split_feature=1 11 2 0 1 3 5 4 11 5 6 6 1 1 1 5 1 3 10 6 6 4 11 2 10 4 2 11 6 5
split_gain=432.908 871.777 3173.61 1853.46 560.619 1798.14 625.73 283.466 219.305 124.986 609.174 237.456 516.906 76.0388 272.297 240.829 198.334 717.778 131.774 77.74 59.3636 166.62 332.599 151.95 111.053 85.6144 250.074 204.973 104.259 136.46
threshold=1121.3200000000004 14581300000.000002 852.5200000000001 823.5200000000001 774.61500000000012 49955150.000000007 707.9100000000002 678.88000000000011 10332300000.000002 636.15500000000009 653.93000000000018 630.7750000000002 629.19000000000017 603.94000000000017 589.8900000000001 609.49000000000012 500.52000000000004 19225600.000000004 7142545000.000001 574.0100000000001 447.98500000000007 452.91000000000003 6355420000.000001 426.17500000000001 6624710000.000001 400.72000000000008 407.30000000000007 5739795000.000001 383.39000000000004 357.94000000000005
decision_type=2 2 2 2 2 2 2 2 2 2 2 2 2 2 2 2 2 2 2 2 2 2 2 2 2 2 2 2 2 2
left_child=1 2 3 4 6 -6 7 8 9 11 -11 12 13 14 16 -15 20 -18 -19 -20 23 -22 -23 25 -25 27 -27 28 29 -1
right_child=-2 -3 -4 -5 5 -7 -8 -9 -10 10 -12 -13 -14 15 -16 -17 17 18 19 -21 21 22 -24 24 -26 26 -28 -29 -30 -31
leaf_value=-0.019371564780982835 0.43992435173554861 -0.4793620666390972 1.1973510950803756 -0.80435617751088628 1.0466447377204895 -0.27824187818027679 -0.41284295195663301 0.36900010584365756 -0.29468457335978748 0.47424497549180633 -0.25390805065631866 0.33061536295073379 -0.46771389146645864 0.32394478280496386 -0.28713981387290088 -0.083837521175543481 0.64272977635264406 0.18220272582510244 0.037270574495196343 -0.22496969868930489 0.068849768572383452 -0.51042164450600036 0.034521466679871084 0.28796025365591049 0.0084095001772597992 -0.38993209733263307 -0.0038462278823698723 0.29850160459225833 -0.22599289999766783 0.15534151946099439
leaf_weight=510 22 38 22 29 20 21 37 21 25 27 20 21 24 28 33 30 22 23 20 26 36 21 24 30 27 23 62 22 22 49
leaf_count=510 22 38 22 29 20 21 37 21 25 27 20 21 24 28 33 30 22 23 20 26 36 21 24 30 27 23 62 22 22 49
internal_value=1.5107e-10 -0.00737116 0.00669602 -0.0142093 0.00451146 0.368044 -0.00808773 0.00498028 -0.00181476 0.00484138 0.164393 -0.00228009 -0.00905413 0.00186634 -0.00492006 0.113023 0.00523616 0.145351 -0.0132339 -0.110952 -0.0102002 -0.0915031 -0.219785 -0.00136055 0.155541 -0.0143597 -0.108317 -0.00111538 -0.0124606 -0.00405682
internal_weight=1335 1313 1275 1253 1224 41 1183 1146 1125 1100 47 1053 1032 1008 950 58 917 91 69 46 826 81 45 745 57 688 85 603 581 559
internal_count=1335 1313 1275 1253 1224 41 1183 1146 1125 1100 47 1053 1032 1008 950 58 917 91 69 46 826 81 45 745 57 688 85 603 581 559
is_linear=0
shrinkage=0.1


Tree=85
num_leaves=31
num_cat=0
split_feature=4 5 6 6 1 1 3 8 1 5 0 5 0 6 4 1 8 8 3 7 1 7 1 3 8 3 3 2 4 1
split_gain=482.68 1617.2 543.086 1237 1132.91 349.03 102.864 273.787 562.91 258.078 189.294 149.255 174.181 344.306 136.516 922.585 607.663 389.393 425.349 303.396 127.035 124.157 120.43 120.033 118.713 151.659 104.036 171.133 223.002 129.017
threshold=1040.5250000000003 962.49000000000012 803.61000000000013 763.10000000000014 881.72500000000014 753.37500000000011 80390000.000000015 6.5000000000000009 458.57500000000005 654.22500000000014 672.37000000000012 654.22500000000014 633.28500000000008 626.55000000000007 452.91000000000003 451.37000000000006 4.5000000000000009 6.5000000000000009 12973750.000000002 3.5000000000000004 581.97000000000014 4.5000000000000009 446.88000000000005 68137950.000000015 8.5000000000000018 49643100.000000007 52064450.000000007 380.435 420.88500000000005 382.19000000000005
decision_type=2 2 2 2 2 2 2 2 2 2 2 2 2 2 2 2 2 2 2 2 2 2 2 2 2 2 2 2 2 2
left_child=1 2 3 5 -4 6 10 8 -8 -9 11 12 13 14 15 22 19 20 -19 -16 -18 24 23 26 -20 -26 27 29 -29 -1
right_child=-2 -3 4 -5 -6 -7 7 9 -10 -11 -12 -13 -14 -15 16 -17 17 18 21 -21 -22 -23 -24 -25 25 -27 -28 28 -30 -31
leaf_value=-0.014524684115459659 -0.40351658031858251 0.87942583571587285 0.15263991374522448 0.64426867738366134 -0.66511877679990405 -0.40052668072960596 -0.043088949297865234 0.11078207113526084 0.59263150037194678 -0.27346614075118097 -0.28653027856101593 0.24945384730463444 -0.26363845739800196 0.3726745293786129 -0.65049321874976163 0.67971837460994733 0.43548682516529447 -0.50875122785568239 0.17673437213525178 -0.13002254459119977 0.10185981413722039 -0.20076472711563112 0.22119872624223885 -0.21208915345176746 -0.26248502328991891 0.12228483433524769 0.12031728530238416 -0.42553255493226261 -0.017309741675853731 0.2023355981399273
leaf_weight=508 29 21 32 30 36 22 30 44 26 29 24 23 26 24 24 20 21 20 40 21 25 25 22 30 20 21 58 23 32 29
leaf_count=508 29 21 32 30 36 22 30 44 26 29 24 23 26 24 24 20 21 20 40 21 25 25 22 30 20 21 58 23 32 29
internal_value=1.09998e-09 0.00896017 -0.00526534 0.0101018 -0.280291 -0.00592605 0.00152564 0.0857337 0.252067 -0.0418645 -0.00895973 -0.00237703 -0.00823356 -0.00133789 -0.0108973 0.0100062 -0.0804474 0.0051467 -0.0857658 -0.407607 0.254168 -0.00595719 -0.00907389 -0.0165239 0.0541686 -0.0654078 -0.00749779 -0.0200202 -0.188021 -0.00281342
internal_weight=1335 1306 1285 1217 68 1187 1165 129 56 73 1036 1012 989 963 939 722 217 172 126 45 46 106 702 680 81 41 650 592 55 537
internal_count=1335 1306 1285 1217 68 1187 1165 129 56 73 1036 1012 989 963 939 722 217 172 126 45 46 106 702 680 81 41 650 592 55 537
is_linear=0
shrinkage=0.1


Tree=86
num_leaves=31
num_cat=0
split_feature=1 11 2 0 1 3 5 4 11 8 2 4 2 0 6 3 2 5 7 5 10 4 11 6 8 6 8 3 1 5
split_gain=414.466 733.971 2745.54 1546.61 415.123 1560.39 468.747 249.803 175.284 110.722 857.417 160.959 388.174 235.643 234.61 114.486 104.053 142.771 69.7942 244.961 281.106 221.703 114.743 108.041 567.028 307.641 306.352 206.391 169.136 144.05
threshold=1121.3200000000004 14581300000.000002 852.5200000000001 823.5200000000001 774.61500000000012 49955150.000000007 707.9100000000002 678.88000000000011 10332300000.000002 10.500000000000002 429.38500000000005 326.02000000000004 329.79000000000008 369.40500000000003 376.87500000000006 107840000.00000001 631.85500000000013 629.2600000000001 1.0000000180025095e-35 275.75000000000006 6193060000.000001 236.02000000000001 6945365000.000001 447.23000000000008 3.5000000000000004 460.96500000000009 6.5000000000000009 12973750.000000002 425.46000000000009 382.39500000000004
decision_type=2 2 2 2 2 2 2 2 2 2 2 2 2 2 2 2 2 2 2 2 2 2 2 2 2 2 2 2 2 2
left_child=1 2 3 4 6 -6 7 8 9 15 11 -11 -13 -14 -15 16 17 18 19 21 -21 -1 -22 28 -25 -26 -27 -28 29 -20
right_child=-2 -3 -4 -5 5 -7 -8 -9 -10 10 -12 12 13 14 -16 -17 -18 -19 23 20 22 -23 -24 24 25 26 27 -29 -30 -31
leaf_value=0.054351241457642932 0.430451931736686 -0.44029454447721178 1.1131430172107437 -0.73553159031374704 0.94832312852144252 -0.28587236759208501 -0.35781253366856963 0.34554250772510259 -0.26438917660713196 0.19702598857028145 0.67575285150891262 -0.46787349072285001 0.2343347616493702 -0.37652134250849489 0.079043601224055668 0.19014663243932384 -0.20493167702640808 0.2264477231502533 -0.001584903110254241 0.45376832584540056 -0.14841404840350153 -0.36128761654808406 0.16760608391077431 -0.51542933097592103 -0.31023654515156524 0.24762948009630908 -0.34936111383140089 0.0031379251417760949 0.15383180681860351 -0.16650319678373027
leaf_weight=33 22 38 22 29 20 21 37 21 25 28 21 20 32 20 26 28 28 25 402 24 20 21 27 27 32 46 20 98 61 61
leaf_count=33 22 38 22 29 20 21 37 21 25 28 21 20 32 20 26 28 28 25 402 24 20 21 27 27 32 46 20 98 61 61
internal_value=-1.09171e-09 -0.00721245 0.0056951 -0.0137493 0.00335173 0.316174 -0.00748996 0.00382063 -0.00255818 0.00339252 0.0841734 -0.0144232 -0.0748373 0.0259413 -0.119028 -0.0090679 -0.0150982 -0.0091725 -0.0159277 0.0532326 0.175317 -0.107286 0.0331294 -0.0275007 -0.0857978 -0.0266139 0.0287271 -0.0566077 -0.002691 -0.0233128
internal_weight=1335 1313 1275 1253 1224 41 1183 1146 1125 1100 147 126 98 78 46 953 925 897 872 125 71 54 47 747 223 196 164 118 524 463
internal_count=1335 1313 1275 1253 1224 41 1183 1146 1125 1100 147 126 98 78 46 953 925 897 872 125 71 54 47 747 223 196 164 118 524 463
is_linear=0
shrinkage=0.1


Tree=87
num_leaves=31
num_cat=0
split_feature=4 5 6 6 1 1 5 8 0 10 8 6 7 3 3 8 3 6 10 0 11 6 7 1 8 2 0 5 10 6
split_gain=442.893 1428.82 450.219 1046.61 1008.27 324.111 124.566 111.039 443.548 224.017 220.862 925.486 563.314 77.3659 180.219 335.335 157.573 119.182 477.681 286.787 162.566 84.6814 103.299 303.317 240.814 226.199 189.276 195.997 154.359 118.889
threshold=1040.5250000000003 962.49000000000012 803.61000000000013 763.10000000000014 881.72500000000014 753.37500000000011 701.94500000000005 11.500000000000002 435.53500000000003 5092330000.000001 10.500000000000002 375.15000000000003 2.5000000000000004 18344450.000000004 15908750.000000002 6.5000000000000009 15107900.000000002 586.85000000000014 5739795000.000001 384.13500000000005 7901720000.000001 665.40500000000009 4.5000000000000009 614.5100000000001 7.5000000000000009 615.17500000000007 602.68500000000006 585.49000000000012 10153200000.000002 571.54000000000008
decision_type=2 2 2 2 2 2 2 2 2 2 2 2 2 2 2 2 2 2 2 2 2 2 2 2 2 2 2 2 2 2
left_child=1 2 3 5 -4 6 7 10 9 -9 13 12 -12 14 16 -16 17 18 19 -1 -19 22 25 24 -24 26 27 29 -27 -15
right_child=-2 -3 4 -5 -6 -7 -8 8 -10 -11 11 -13 -14 21 15 -17 -18 20 -20 -21 -22 -23 23 -25 -26 28 -28 -29 -30 -31
leaf_value=-0.022022712771381653 -0.386528177096926 0.8267808174803144 0.15322483689524236 0.5925289034843445 -0.6182406456934082 -0.38579274741086095 0.20629814678225022 -0.17404376101493835 -0.52337922513484958 0.25367984175682068 0.30480634260636114 0.71665299697355789 -0.31757639836181295 0.021538223842035423 -0.4610617955525716 0.064887658032504 0.25333539516665043 -0.38903795423961823 0.37763062396219804 -0.41311504961479284 0.004439982346126011 0.21400406725704668 0.088815469507660186 -0.41081666228446095 -0.2068251433350691 0.42087684947511428 -0.2332929585729876 0.32830311331897977 0.05834531091774503 -0.20829019121204817
leaf_weight=175 29 21 32 30 36 22 29 25 20 24 26 22 33 362 27 22 20 21 28 21 21 20 84 22 41 23 31 20 24 24
leaf_count=175 29 21 32 30 36 22 29 25 20 24 26 22 33 362 27 22 20 21 28 21 21 20 84 22 41 23 31 20 24 24
internal_value=2.7563e-10 0.00858294 -0.00478839 0.00920328 -0.255198 -0.00553958 0.00164117 -0.00358335 -0.126527 0.0354535 0.00436708 0.163103 -0.043306 -0.00867305 -0.0477216 -0.224921 -0.0173622 -0.0377154 -0.00873095 -0.0639255 -0.192299 0.011421 0.00500002 -0.068417 -0.00815465 0.0272982 0.00487838 0.0230639 0.235754 0.00724837
internal_weight=1335 1306 1285 1217 68 1187 1165 1136 69 49 1067 81 59 986 335 49 286 266 224 196 42 651 631 147 125 484 437 406 47 386
internal_count=1335 1306 1285 1217 68 1187 1165 1136 69 49 1067 81 59 986 335 49 286 266 224 196 42 651 631 147 125 484 437 406 47 386
is_linear=0
shrinkage=0.1


Tree=88
num_leaves=31
num_cat=0
split_feature=10 2 1 11 6 5 1 5 7 10 0 11 6 5 4 6 2 3 3 4 1 6 7 1 6 8 7 6 0 1
split_gain=418.007 1232.04 1294.62 302.92 874.568 239.486 440.55 185.81 548.045 75.9036 644.498 232.886 146.573 165.066 186.813 155.688 101.338 191.431 214.111 197.833 222.658 140.984 99.9018 132.852 123.206 140.199 251.597 301.093 214.517 129.747
threshold=16276600000.000002 891.99000000000012 898.21000000000015 11890450000.000002 818.56500000000017 735.49000000000012 703.74500000000012 655.16000000000008 2.5000000000000004 5883130000.000001 440.38500000000005 5739795000.000001 376.87500000000006 357.94000000000005 336.47000000000008 389.57000000000005 316.86500000000007 44375600.000000007 34096650.000000007 290.01000000000005 281.11000000000007 263.46000000000009 4.5000000000000009 655.75500000000011 628.97500000000002 4.5000000000000009 1.5000000000000002 447.98500000000007 421.98500000000007 614.5100000000001
decision_type=2 2 2 2 2 2 2 2 2 2 2 2 2 2 2 2 2 2 2 2 2 2 2 2 2 2 2 2 2 2
left_child=1 2 3 4 5 6 7 9 -9 10 11 12 13 14 16 -14 17 18 19 20 21 -1 23 24 25 26 -11 28 -28 -27
right_child=-2 -3 -4 -5 -6 -7 -8 8 -10 22 -12 -13 15 -15 -16 -17 -18 -19 -20 -21 -22 -23 -24 -25 -26 29 27 -29 -30 -31
leaf_value=0.0058881363374369642 0.36905904610951745 -0.59377867528370454 0.76808703595941719 0.29794330925215035 -0.55632208852932374 0.31904610706412279 -0.34634262758332329 0.58795007586479187 -0.14348445052192324 0.11090926833243833 0.49641762050213639 0.3247233740630604 -0.35411527092754841 0.19702761887572706 -0.25602119671801726 -0.01358481352699214 0.21085789582946082 -0.24472891148179771 0.27118107697059374 -0.29495119893032573 0.32355541700408574 -0.24052276492118835 -0.11350944591889855 0.21488235020637514 -0.2528663733466105 0.016701188019708098 -0.28031622001102996 -0.50913865851319362 0.177296192497015 0.28795977056026462
leaf_weight=326 30 35 22 32 29 23 37 20 21 36 27 21 25 40 30 29 22 32 29 23 21 25 120 25 22 149 21 23 20 20
leaf_count=326 30 35 22 32 29 23 37 20 21 36 27 21 25 40 30 29 22 32 29 23 21 25 120 25 22 149 21 23 20 20
internal_value=-1.69121e-09 -0.00848412 0.00764605 -0.00575916 -0.0137513 -0.000495602 -0.00680957 0.00433748 0.213313 -0.00355202 0.0181002 -0.00262943 -0.0140487 0.00144073 -0.0139598 -0.171238 0.00123232 -0.00888119 0.00891863 -0.0103361 0.00726109 -0.0116625 -0.0358317 -0.00633386 -0.0253387 -0.00673048 -0.100582 -0.219545 -0.0570907 0.0488028
internal_weight=1335 1305 1270 1248 1216 1187 1164 1127 41 1086 650 623 602 548 508 54 478 456 424 395 372 351 436 316 291 269 100 64 41 169
internal_count=1335 1305 1270 1248 1216 1187 1164 1127 41 1086 650 623 602 548 508 54 478 456 424 395 372 351 436 316 291 269 100 64 41 169
is_linear=0
shrinkage=0.1


Tree=89
num_leaves=31
num_cat=0
split_feature=5 5 1 4 2 2 4 5 0 6 10 0 10 11 7 8 10 3 3 3 11 6 11 5 1 8 3 5 1 6
split_gain=457.504 1474.19 536.929 1339.31 1066.07 462.244 538.069 329.555 174.262 200.577 61.5126 522.043 221.54 188.637 137.157 160.628 153.772 150.134 307.459 175.525 145.833 125.344 122.158 100.867 125.983 117.613 95.5416 384.336 238.638 228.329
threshold=1009.6400000000001 921.30000000000007 881.72500000000014 818.56500000000017 767.68500000000006 734.02500000000009 702.58000000000004 667.19500000000005 659.91500000000008 655.15000000000009 5883130000.000001 440.38500000000005 6193060000.000001 5739795000.000001 4.5000000000000009 6.5000000000000009 7830250000.000001 17973500.000000004 34096650.000000007 46957650.000000007 6945365000.000001 383.39000000000004 7859760000.000001 605.75500000000022 580.50500000000011 5.5000000000000009 7891360.0000000009 199.61500000000004 338.50500000000005 319.91500000000002
decision_type=2 2 2 2 2 2 2 2 2 2 2 2 2 2 2 2 2 2 2 2 2 2 2 2 2 2 2 2 2 2
left_child=1 2 3 4 5 6 7 8 9 10 11 13 -12 21 17 20 -17 22 -19 -20 -16 26 -14 24 25 -21 27 -1 29 -28
right_child=-2 -3 -4 -5 -6 -7 -8 -9 -10 -11 12 -13 14 -15 15 16 -18 18 19 23 -22 -23 -24 -25 -26 -27 28 -29 -30 -31
leaf_value=-0.0022795053923295601 -0.36212296065162208 0.76995452237129214 -0.3917010747215578 0.76144500083249556 -0.71514623974050795 0.43801579078038533 -0.40974004371091727 0.35123602019415961 -0.28767699485733395 0.30203409926457842 -0.35759498178958893 0.44677586654822038 -0.27023889946526497 0.29225103656450907 0.15465438687993635 -0.44507162939934503 -0.10090318083324855 0.3022434093330692 -0.26497233333912762 -0.023366625052763199 -0.16018861218222552 -0.18601439331586545 0.051012385785579685 0.1764904402769529 -0.21385422113041083 0.20803643710911277 0.0096286540084909045 -0.45527091459794483 0.17795092215083175 -0.31053158837991457
leaf_weight=126 34 25 35 23 21 24 32 27 21 22 20 27 29 21 31 21 34 41 22 82 28 39 20 39 24 30 310 22 81 24
leaf_count=126 34 25 35 23 21 24 32 27 21 22 20 27 29 21 31 21 34 41 22 82 28 39 20 39 24 30 310 22 81 24
internal_value=-6.15963e-10 0.00946363 -0.00543627 0.00545758 -0.00881805 0.00357368 -0.00531517 0.00602716 -0.00233966 0.00314258 -0.00299712 0.0162902 -0.0327756 -0.00236648 -0.0165752 -0.10937 -0.232313 0.0202842 0.0531019 0.00125007 0.00523737 -0.0126438 -0.139116 0.034718 -0.00593729 0.0386163 -0.000634154 -0.0696161 0.0239666 -0.0133769
internal_weight=1335 1301 1276 1241 1218 1197 1173 1141 1114 1093 1071 650 421 623 401 114 55 287 238 197 59 602 49 175 136 112 563 148 415 334
internal_count=1335 1301 1276 1241 1218 1197 1173 1141 1114 1093 1071 650 421 623 401 114 55 287 238 197 59 602 49 175 136 112 563 148 415 334
is_linear=0
shrinkage=0.1


Tree=90
num_leaves=31
num_cat=0
split_feature=11 6 5 5 0 2 0 5 5 2 0 1 8 1 0 6 7 2 3 3 1 5 6 3 6 3 0 11 5 10
split_gain=417.367 821.387 1384.35 1139.67 304.056 395.609 264.878 227.408 171.111 215.931 252.311 133.047 91.9491 662.269 198.78 157.042 156.07 237.897 207.328 274.266 193.78 103.719 102.884 93.2924 161.955 151.954 110.332 85.7423 485.917 194.868
threshold=16962500000.000002 988.59000000000003 895.60500000000013 846.22500000000014 823.5200000000001 772.30500000000018 755.83000000000015 701.94500000000005 665.40500000000009 652.45000000000016 650.32000000000005 642.21500000000015 9.5000000000000018 500.52000000000004 369.40500000000003 376.08000000000004 3.5000000000000004 336.24000000000007 41639450.000000007 16474900.000000002 324.41500000000002 625.07000000000016 409.22500000000008 72867050.000000015 575.25500000000011 68137950.000000015 415.83500000000004 7644280000.000001 569.41500000000008 6965330000.000001
decision_type=2 2 2 2 2 2 2 2 2 2 2 2 2 2 2 2 2 2 2 2 2 2 2 2 2 2 2 2 2 2
left_child=1 2 3 4 5 6 7 8 9 10 11 12 21 14 16 -16 18 20 19 -14 -18 23 -17 25 26 27 -25 28 29 -1
right_child=-2 -3 -4 -5 -6 -7 -8 -9 -10 -11 -12 -13 13 -15 15 22 17 -19 -20 -21 -22 -23 -24 24 -26 -27 -28 -29 -30 -31
leaf_value=-0.024263534729334509 0.45338400125503542 -0.59924545948920049 0.65318263918161401 -0.76170632869005206 -0.38751906156539917 0.42578561671755533 -0.3630160248279572 0.24142485826443405 -0.24829768080796516 0.31962226813747768 -0.35602467417716982 0.21757547597267798 0.25194200422312762 0.60150135803967719 -0.37429331049323084 0.085662322730890347 -0.0032056025646883869 0.22748183987357398 0.43664916299283507 -0.15493353366851809 -0.40781699769198898 -0.23409869169647043 -0.1964943679670493 0.19827064245939255 0.32627054147777107 -0.27868429043370746 -0.08709851160279608 0.08423139728807115 -0.5023524636668818 0.27927996326576582
leaf_weight=547 20 23 32 20 20 22 20 39 28 21 20 28 37 20 20 28 29 22 20 30 20 22 24 20 21 23 42 74 21 22
leaf_count=547 20 23 32 20 20 22 20 39 28 21 20 28 37 20 20 28 29 22 20 30 20 22 24 20 21 23 42 74 21 22
internal_value=6.48023e-10 -0.00689557 0.00364935 -0.0128467 -0.000768348 0.00557183 -0.00214495 0.00398189 -0.00414829 0.00200489 -0.00411434 0.00246342 -0.00331694 0.0495559 0.00156062 -0.136155 0.0643173 -0.0457 0.154102 0.0697589 -0.168353 -0.0200066 -0.0445638 -0.0138897 0.0862525 -0.0259884 0.00495605 -0.0172354 -0.0299617 -0.0125272
internal_weight=1335 1315 1292 1260 1240 1220 1198 1178 1139 1111 1090 1070 1042 250 230 72 158 71 87 67 49 792 52 770 83 687 62 664 590 569
internal_count=1335 1315 1292 1260 1240 1220 1198 1178 1139 1111 1090 1070 1042 250 230 72 158 71 87 67 49 792 52 770 83 687 62 664 590 569
is_linear=0
shrinkage=0.1


Tree=91
num_leaves=31
num_cat=0
split_feature=3 10 2 1 6 8 5 1 10 11 5 4 6 7 3 11 8 3 8 3 8 3 4 1 11 6 5 2 8 0
split_gain=458.255 1929.85 739.228 1463.66 466.088 1702.65 341.366 220.745 129.336 207.118 83.5971 138.355 115.851 71.8237 477.644 171.352 161.557 109.528 81.0332 132.661 75.8147 203.029 91.7876 105.938 554.674 144.16 135.38 222.195 183.415 142.944
threshold=188464000.00000003 16276600000.000002 891.99000000000012 898.21000000000015 773.33000000000004 1.5000000000000002 745.37000000000012 737.74000000000012 10726700000.000002 10332300000.000002 654.22500000000014 646.08000000000004 635.96500000000003 5.5000000000000009 1.0000000180025095e-35 6920095000.000001 3.5000000000000004 25317350.000000004 1.5000000000000002 40308100.000000007 2.5000000000000004 41639450.000000007 623.06000000000006 455.48500000000007 6211015000.000001 447.98500000000007 580.50500000000011 567.83500000000015 6.5000000000000009 515.48500000000013
decision_type=2 2 2 2 2 2 2 2 2 2 2 2 2 2 2 2 2 2 2 2 2 2 2 2 2 2 2 2 2 2
left_child=1 2 3 4 6 -6 7 8 9 10 11 12 13 18 -15 16 -16 -18 19 -1 21 -20 23 25 -25 -22 27 29 -28 -26
right_child=-2 -3 -4 -5 5 -7 -8 -9 -10 -11 -12 -13 -14 14 15 -17 17 -19 20 -21 22 -23 -24 24 26 -27 28 -29 -30 -31
leaf_value=0.023922237201973243 -0.47507377624511715 0.98203170061111456 -0.48248762544244528 0.83207974660964246 0.27464129507541657 -0.89245758795738228 0.38426353568616123 -0.31149855022845063 0.24152066003192557 -0.2939187750220299 0.20561547435820104 -0.26128498941659928 0.22618460172544355 0.50557228064253212 0.2547649722546339 -0.23285962196963805 -0.11210178171797676 0.15648360252380372 -0.10109186269916022 -0.29255396207937828 -0.0064084981623231084 0.27511881422251466 0.18931596103039655 -0.55335640311241152 0.057715489455547775 0.23058253178993859 -0.36367803371765395 0.32923172181067262 -0.029629800187853668 -0.24748308090936569
leaf_weight=27 20 20 32 21 25 25 23 23 22 24 20 20 23 21 28 27 49 22 26 26 520 32 22 22 57 27 22 23 65 21
leaf_count=27 20 20 32 21 25 25 23 23 22 24 20 20 23 21 28 27 49 22 26 26 520 32 22 22 57 27 22 23 65 21
internal_value=-8.99755e-11 0.00722546 -0.00782947 0.00419671 -0.00980131 -0.308908 0.00274512 -0.00476123 0.00139492 -0.00330505 0.00303562 -0.000715861 0.00420054 -0.000722928 0.0640332 -0.00955666 0.0513442 -0.0288781 -0.0114186 -0.13133 -0.00382563 0.106473 -0.0120378 -0.0178896 -0.0782654 0.00528941 -0.0226696 0.0560888 -0.114102 -0.0244534
internal_weight=1335 1315 1295 1263 1242 50 1192 1169 1146 1124 1100 1080 1060 1037 147 126 99 71 890 53 837 58 779 757 210 547 188 101 87 78
internal_count=1335 1315 1295 1263 1242 50 1192 1169 1146 1124 1100 1080 1060 1037 147 126 99 71 890 53 837 58 779 757 210 547 188 101 87 78
is_linear=0
shrinkage=0.1


Tree=92
num_leaves=31
num_cat=0
split_feature=5 6 6 6 1 1 3 6 4 1 2 6 5 8 2 0 7 3 0 5 1 1 1 5 6 6 4 6 1 5
split_gain=460.512 1308 625.141 566.004 504.924 159.674 583.794 283.341 477.624 121.483 114.565 493.666 148.93 73.4461 553.617 216.186 113.019 167.163 63.9524 117.478 126.909 149.128 136.716 220.85 109.514 179.827 93.0094 90.7952 132.163 113.719
threshold=1009.6400000000001 915.7700000000001 871.78000000000009 823.90500000000009 781.67500000000007 722.42000000000019 68756550.000000015 680.24500000000012 665.54500000000019 665.74000000000012 638.78000000000009 638.05000000000007 627.19500000000005 10.500000000000002 410.39000000000004 369.40500000000003 4.5000000000000009 27404300.000000004 617.08000000000015 605.75500000000022 603.94000000000017 589.8900000000001 583.2750000000002 566.35000000000014 491.78500000000003 458.69500000000011 449.40000000000003 433.49000000000007 424.85500000000008 440.48000000000008
decision_type=2 2 2 2 2 2 2 2 2 2 2 2 2 2 2 2 2 2 2 2 2 2 2 2 2 2 2 2 2 2
left_child=1 2 3 4 5 7 -7 8 9 10 11 12 13 18 15 16 17 -15 19 20 21 22 23 24 25 26 27 28 -1 -29
right_child=-2 -3 -4 -5 -6 6 -8 -9 -10 -11 -12 -13 -14 14 -16 -17 -18 -19 -20 -21 -22 -23 -24 -25 -26 -27 -28 29 -30 -31
leaf_value=-0.01414535452422705 -0.36331134613822491 0.67355865877250154 -0.5603123033046723 0.4742577461004257 -0.37535557713773521 0.59073659121990207 -0.14079901874065401 -0.37549634039402013 0.48854864537715914 -0.24875091552734374 0.22077349061551305 -0.47358882660892876 0.26251033646139232 0.32378137409687047 0.52729512764648956 -0.21933096045678535 -0.10749120513598126 -0.02494990279277166 -0.18349794940579506 0.1753021389245987 0.2344746080040932 -0.23560624604503955 0.24612482234835628 -0.28014728762209418 0.17038779385162123 -0.23055950033704975 0.15708555346902681 -0.32701009526848795 0.18377650087802777 -0.014803365724427359
leaf_weight=537 34 29 20 25 36 20 24 20 20 20 23 22 22 28 22 37 24 27 21 34 20 31 20 31 33 37 34 20 36 28
leaf_count=537 34 29 20 25 36 20 24 20 20 20 23 22 22 28 22 37 24 27 21 34 20 31 20 31 33 37 34 20 36 28
internal_value=8.65049e-11 0.00949469 -0.00564514 0.00321536 -0.00638208 0.00477077 0.191717 -0.00240067 0.00422037 -0.00452991 -3.64261e-05 -0.00480957 0.00508788 -0.000464371 0.0673746 -0.0198518 0.0735752 0.152586 -0.0110786 -0.00687328 -0.014363 -0.0205299 -0.011938 -0.018765 -0.00758868 -0.016076 -0.00396014 -0.0127775 -0.00171047 -0.14489
internal_weight=1335 1301 1272 1252 1227 1191 44 1147 1127 1107 1087 1064 1042 1020 138 116 79 55 882 861 827 807 776 756 725 692 655 621 573 48
internal_count=1335 1301 1272 1252 1227 1191 44 1147 1127 1107 1087 1064 1042 1020 138 116 79 55 882 861 827 807 776 756 725 692 655 621 573 48
is_linear=0
shrinkage=0.1


Tree=93
num_leaves=31
num_cat=0
split_feature=7 4 5 5 11 5 6 11 0 9 0 5 5 2 4 7 6 3 10 2 8 2 3 4 1 8 5 5 3 6
split_gain=388.413 4854.33 2885.42 1096.49 2443.57 1008.99 892.965 540.311 854.46 465.208 253.669 215.091 305.213 222.987 362.398 180.994 162.435 144.91 75.1422 224.565 196.101 209.846 159.474 83.521 267.551 128.345 168.27 83.435 270.557 223.313
threshold=5.5000000000000009 1040.5250000000003 802.19500000000005 885.95000000000016 14752600000.000002 822.93500000000006 770.98000000000013 6920095000.000001 433.17000000000002 2015.5000000000002 741.03000000000009 701.94500000000005 665.40500000000009 622.68500000000006 623.06000000000006 3.5000000000000004 615.98000000000013 15176600.000000002 3366020000.0000005 228.85000000000005 1.5000000000000002 376.63500000000005 9435325.0000000019 598.14000000000021 591.09500000000014 2.5000000000000004 575.0100000000001 478.13500000000005 29669150.000000004 458.69500000000011
decision_type=2 2 2 2 2 2 2 2 2 2 2 2 2 2 2 2 2 2 2 2 2 2 2 2 2 2 2 2 2 2
left_child=1 3 7 5 -5 6 10 8 17 -9 11 12 13 14 16 -15 18 -2 19 -1 21 -20 -22 24 25 -24 27 29 -29 -27
right_child=2 -3 -4 4 -6 -7 -8 9 -10 -11 -12 -13 -14 15 -16 -17 -18 -19 20 -21 22 -23 23 -25 -26 26 -28 28 -30 -31
leaf_value=-0.0070710870133978976 -0.13966109580252059 -1.4932846459475431 1.2683432817459108 1.3102568599581721 -0.20110284426937933 -0.6284922709831825 0.54931712225079543 -0.61661631146615203 0.71494959011673931 -0.019259306835010648 -0.34929882721467453 0.30320190191268925 -0.3578862669467926 0.0428869965672493 -0.43713519930839539 0.40400369536617531 0.23958646941643497 0.10349104578541429 -0.47456652045249942 0.27732682993466201 -0.2694100675483545 -0.016477290987968445 0.1885173281033834 -0.16598319476169926 0.32921247135382148 -0.0058371487246067439 -0.24625939689576626 0.3413929233757349 -0.099340248306592313 -0.31443544745445257
leaf_weight=175 43 22 20 20 23 26 29 22 20 32 22 22 25 35 20 23 26 57 20 33 24 20 30 31 24 378 32 26 30 25
leaf_count=175 43 22 20 20 23 26 29 22 20 32 22 22 25 35 20 23 26 57 20 33 24 20 30 31 24 378 32 26 30 25
internal_value=1.70048e-09 -0.0222415 0.130812 0.0066798 0.501855 -0.0131088 0.00212927 6.14806e-05 0.118271 -0.262627 -0.0134128 -0.00601591 -0.0129788 -0.00392141 -0.0162487 0.186088 -0.0066174 -0.00106438 -0.0141661 0.0380497 -0.0311362 -0.245522 -0.0168439 -0.00632028 0.00276147 -0.0122766 -0.0245451 -0.00908784 0.105286 -0.024981
internal_weight=1335 1141 194 1119 43 1076 1050 174 120 54 1021 999 977 952 894 58 874 100 848 208 640 40 600 576 545 521 491 459 56 403
internal_count=1335 1141 194 1119 43 1076 1050 174 120 54 1021 999 977 952 894 58 874 100 848 208 640 40 600 576 545 521 491 459 56 403
is_linear=0
shrinkage=0.1


Tree=94
num_leaves=31
num_cat=0
split_feature=1 11 2 1 5 0 5 7 8 4 8 3 0 10 3 3 2 6 3 8 0 7 1 0 8 3 3 1 5 11
split_gain=526.443 840.251 2466.07 1473.41 376.734 692.652 177.257 445.187 135.244 534.819 235.059 819.139 340.752 173.15 60.7295 130.926 122.042 139.876 118.729 94.4528 663.129 326.312 211.952 133.712 188.956 183.378 138.435 131.163 274.929 116.974
threshold=1121.3200000000004 14581300000.000002 852.5200000000001 861.37000000000012 796.47000000000014 763.60500000000013 701.94500000000005 2.5000000000000004 11.500000000000002 437.15000000000003 10.500000000000002 8569545.0000000019 369.40500000000003 5092330000.000001 72867050.000000015 68137950.000000015 631.85500000000013 617.15000000000009 15360400.000000002 4.5000000000000009 449.68000000000006 3.5000000000000004 433.96000000000009 266.06500000000005 3.5000000000000004 45270050.000000007 23876650.000000004 573.37000000000012 586.71000000000015 6475115000.000001
decision_type=2 2 2 2 2 2 2 2 2 2 2 2 2 2 2 2 2 2 2 2 2 2 2 2 2 2 2 2 2 2
left_child=1 2 3 4 5 6 8 -8 10 13 14 -12 -13 -10 15 16 17 19 -19 20 22 -22 23 24 26 -25 -1 29 -29 -21
right_child=-2 -3 -4 -5 -6 -7 7 -9 9 -11 11 12 -14 -15 -16 -17 -18 18 -20 27 21 -23 -24 25 -26 -27 -28 28 -30 -31
leaf_value=-0.0047981058955192564 0.48512746854261918 -0.47150667152906722 1.0552528881213881 -0.84332693020502725 0.39373066673676171 -0.52727351498603825 0.53326959439686372 -0.11043167466467077 -0.14476512497663499 -0.56003851067452204 0.69071530482985766 0.16281860153141775 -0.32485402704257038 0.22741722333431247 0.056061960504605227 -0.23399964944907914 -0.21175784656199914 -0.0049902590838345612 0.31353662997484211 0.0048098482623962421 -0.72044227514415982 -0.15604658673206967 0.30363164059817793 -0.28236207204896052 -0.14072709639867148 0.013890022505074741 0.31147766094053947 0.37387541398919866 -0.0043262483519420289 -0.17271252243620594
leaf_weight=25 22 38 22 21 24 25 21 22 25 21 22 38 23 25 130 27 29 22 25 392 20 21 22 37 30 48 31 29 57 41
leaf_count=25 22 38 22 21 24 25 21 22 25 21 22 38 23 25 130 27 29 22 25 392 20 21 22 37 30 48 31 29 57 41
internal_value=-2.62445e-10 -0.00812856 0.00568192 -0.0127463 0.00141132 -0.0063831 0.00462473 0.203934 -0.00289308 -0.136542 0.00598353 0.167605 -0.021058 0.041326 -0.00762151 -0.0172931 -0.0102351 -0.00292987 0.164439 -0.0133765 -0.0661221 -0.431362 0.0114677 -0.0261207 0.0617912 -0.115067 0.170283 0.0104047 0.123207 -0.0119994
internal_weight=1335 1313 1275 1253 1232 1208 1183 43 1140 71 1069 83 61 50 986 856 829 800 47 753 234 41 193 171 86 85 56 519 86 433
internal_count=1335 1313 1275 1253 1232 1208 1183 43 1140 71 1069 83 61 50 986 856 829 800 47 753 234 41 193 171 86 85 56 519 86 433
is_linear=0
shrinkage=0.1


Tree=95
num_leaves=31
num_cat=0
split_feature=1 0 6 6 6 3 0 10 8 4 6 1 5 6 10 8 6 7 5 1 5 3 3 3 0 3 3 0 1 11
split_gain=430.908 1242.68 444.161 328.344 586.906 1203.23 600.897 205.064 115.501 445.578 332.888 162.924 495.397 150.664 140.251 121.596 567.604 528.578 56.3775 49.6542 52.0782 143.595 93.6978 124.927 181.132 110.102 95.7029 114.586 91.6991 58.4659
threshold=1049.5350000000003 930.77500000000009 896.92500000000007 803.61000000000013 735.49000000000012 74391750.000000015 708.10000000000014 10545900000.000002 11.500000000000002 437.15000000000003 672.47500000000002 669.23500000000013 655.16000000000008 638.05000000000007 5092330000.000001 10.500000000000002 368.03000000000003 2.5000000000000004 622.61500000000012 99.330000000000013 132.59000000000003 7891360.0000000009 10832000.000000002 13341150.000000002 384.13500000000005 14692000.000000002 16921350.000000004 285.12500000000006 130.35500000000005 2136240000.0000002
decision_type=2 2 2 2 2 2 2 2 2 2 2 2 2 2 2 2 2 2 2 2 2 2 2 2 2 2 2 2 2 2
left_child=1 2 3 4 6 -6 8 -5 10 14 11 12 13 15 -10 18 17 -17 19 -1 28 29 -23 24 -24 -25 27 -27 -21 -22
right_child=-2 -3 -4 7 5 -7 -8 -9 9 -11 -12 -13 -14 -15 -16 16 -18 -19 -20 20 21 22 23 25 -26 26 -28 -29 -30 -31
leaf_value=-0.15227118370433648 0.36253410205245018 -0.73743620177973879 0.44963235638358379 -0.47880946041449257 0.82893426156044014 -0.17328107253364897 -0.51416048537129944 -0.040985213518142702 -0.13028862023353577 -0.52129069626331326 0.39518410441550345 -0.26712390929460528 0.48862222716921855 -0.22284974301854771 0.20467549490928652 0.30960165695287289 0.56840949988081346 -0.31549829384011607 0.12273052316723448 0.0059837261525293199 -0.074245535650036554 0.19513676393291224 0.044960785266011959 0.18794492959976197 -0.36652272836021754 7.9554092624913101e-05 0.0023913473513843854 -0.32720222510397434 0.25664460271596912 -0.30479017963463612
leaf_weight=24 32 23 22 23 25 23 23 20 25 20 22 22 21 30 25 24 21 31 33 54 22 23 20 30 23 23 589 20 20 22
leaf_count=24 32 23 22 23 25 23 23 20 25 20 22 22 21 30 25 24 21 31 33 54 22 23 20 30 23 23 589 20 20 22
internal_value=-1.41198e-10 -0.00890337 0.00418745 -0.00360252 0.00600852 0.348706 -0.00808701 -0.27517 0.00208754 -0.122373 0.0101995 0.00214852 0.00789997 -0.00210515 0.0371934 0.00465924 0.126139 -0.0427274 -0.005565 -0.0104314 -0.00640756 -0.0140891 -0.0034863 -0.0099662 -0.175135 0.000762291 -0.00812296 -0.152145 0.0737299 -0.189518
internal_weight=1335 1303 1280 1258 1215 48 1167 43 1144 70 1074 1052 1030 1009 50 979 76 55 903 870 846 772 728 705 43 662 632 43 74 44
internal_count=1335 1303 1280 1258 1215 48 1167 43 1144 70 1074 1052 1030 1009 50 979 76 55 903 870 846 772 728 705 43 662 632 43 74 44
is_linear=0
shrinkage=0.1


Tree=96
num_leaves=31
num_cat=0
split_feature=10 2 1 5 1 1 1 4 0 5 2 1 11 1 3 10 7 5 2 6 6 6 7 4 8 5 5 5 3 1
split_gain=383.907 1080.94 733.741 320.812 1214.1 158.314 160.654 258.18 74.3804 411.138 267.605 221.278 280.068 426.39 408.257 349.968 125.662 194.382 173.637 103.068 69.9246 142.894 63.3917 147.539 84.0685 260.87 364.452 193.835 206.545 81.443
threshold=16276600000.000002 891.99000000000012 898.21000000000015 828.70500000000015 781.67500000000007 741.68500000000006 703.74500000000012 665.54500000000019 597.99500000000012 592.1450000000001 600.43000000000018 591.09500000000014 7340290000.000001 500.52000000000004 23004400.000000004 8998385000.0000019 1.0000000180025095e-35 649.99000000000012 631.85500000000013 617.15000000000009 478.13500000000005 458.69500000000011 3.5000000000000004 446.22000000000008 7.5000000000000009 374.63000000000005 347.32500000000005 151.10500000000005 15908750.000000002 432.39000000000004
decision_type=2 2 2 2 2 2 2 2 2 2 2 2 2 2 2 2 2 2 2 2 2 2 2 2 2 2 2 2 2 2
left_child=1 2 3 4 5 6 7 8 9 11 -10 12 13 20 -15 -14 -12 18 19 -18 21 22 23 29 -24 26 27 -26 -29 -1
right_child=-2 -3 -4 -5 -6 -7 -8 -9 10 -11 16 -13 15 14 -16 -17 17 -19 -20 -21 -22 -23 24 -25 25 -27 -28 28 -30 -31
leaf_value=0.019132229555446859 0.35368514458338418 -0.55636266408222068 0.57946475852619528 0.36690361085145373 -0.60839153979763838 0.21918785550138531 -0.22813563883304597 0.36242484092712401 -0.39654457640080226 0.4374967821619728 -0.23580872302963618 0.32919067323207857 -0.53569934313947509 0.6444494238495827 0.00549950584769249 0.0016034708944735706 -0.095475275690356895 0.25847006174070492 -0.30287526892032474 0.16453150365231259 0.17537416517734528 -0.26526787061752244 0.006374405237942771 0.270392137224024 0.087467471563390325 -0.35852783939490718 0.36108273662626744 -0.47235366277396679 -0.092115377873182303 -0.12916006323677012
leaf_weight=383 30 35 22 23 33 34 30 20 21 22 21 20 22 20 20 27 30 28 20 31 20 22 183 22 35 30 20 20 50 41
leaf_count=383 30 35 22 23 33 34 30 20 21 22 21 20 22 20 20 27 30 28 20 31 20 22 183 22 35 30 20 20 50 41
internal_value=8.65781e-10 -0.00813069 0.00697806 -0.00311385 -0.0100611 0.0065034 0.000258779 0.0063331 -9.45502e-05 0.0101973 -0.0653215 0.000143159 -0.00704914 0.00611101 0.324974 -0.239635 -0.0118162 0.0313383 -0.0471764 0.0366593 -0.00933032 -0.0139136 -0.00686025 0.017894 -0.0395241 -0.0937139 -0.0301586 -0.104681 -0.200755 0.00479264
internal_weight=1335 1305 1270 1248 1225 1192 1158 1128 1108 957 151 935 915 866 40 49 130 109 81 61 826 806 784 446 338 155 125 105 70 424
internal_count=1335 1305 1270 1248 1225 1192 1158 1128 1108 957 151 935 915 866 40 49 130 109 81 61 826 806 784 446 338 155 125 105 70 424
is_linear=0
shrinkage=0.1


Tree=97
num_leaves=31
num_cat=0
split_feature=5 2 1 4 2 1 5 4 5 1 6 1 4 6 8 3 1 4 6 1 0 1 2 10 11 2 6 6 5 3
split_gain=374.809 1363.52 480.821 1178.24 742.676 445.007 456.391 186.492 351.538 250.048 126.177 73.9972 661.229 244.471 226.697 314.853 130.922 104.731 111.796 92.9449 70.0667 61.8996 69.3236 53.2866 77.6965 59.5957 63.3085 205.497 120.314 83.3108
threshold=1009.6400000000001 920.3850000000001 881.72500000000014 818.56500000000017 767.68500000000006 757.25500000000011 715.00500000000011 678.88000000000011 665.40500000000009 661.25000000000011 638.05000000000007 469.42500000000007 488.79000000000008 566.35000000000014 6.5000000000000009 23876650.000000004 581.97000000000014 452.91000000000003 451.91000000000003 592.96500000000015 515.48500000000013 609.95500000000004 616.73500000000013 6506625000.000001 6583805000.000001 426.17500000000001 411.56500000000005 392.00500000000005 382.39500000000004 7891360.0000000009
decision_type=2 2 2 2 2 2 2 2 2 2 2 2 2 2 2 2 2 2 2 2 2 2 2 2 2 2 2 2 2 2
left_child=1 2 3 4 5 6 7 8 9 10 11 17 -13 20 15 -15 -16 18 23 -18 -14 -21 -23 25 -25 26 27 28 29 -1
right_child=-2 -3 -4 -5 -6 -7 -8 -9 -10 -11 -12 12 13 14 16 -17 19 -19 -20 21 -22 22 -24 24 -26 -27 -28 -29 -30 -31
leaf_value=-0.066904844954762968 -0.32776559380924003 0.82788229487836373 -0.3499629650360499 0.71570800568746495 -0.58249779885465447 0.43009835879007979 -0.45606373318217019 0.27387709224224094 -0.41777016013860707 0.28071336336433889 -0.1985459719784558 0.49090765386819846 -0.084101959211485722 0.02410841095261276 -0.26501488670706752 0.52989297151565562 0.20806650867685678 -0.1861797917069811 0.20818634798439839 -0.15272208218063629 -0.33422111732264365 0.15599036271062991 -0.07759091136632143 -0.25721841945889451 0.0013963681717331592 0.16176435447164947 -0.11756258161365987 0.28027672815322874 -0.20419076295389282 0.020813723077618591
leaf_weight=146 34 20 39 23 22 24 22 25 20 32 32 30 21 32 20 20 20 33 24 28 24 24 27 21 26 21 50 25 31 419
leaf_count=146 34 20 39 23 22 24 22 25 20 32 32 30 21 32 20 20 20 33 24 28 24 24 27 21 26 21 50 25 31 419
internal_value=-1.70701e-09 0.00856574 -0.00422609 0.00663038 -0.00674844 0.00383342 -0.00488811 0.00373557 -0.00226224 0.00525147 -0.00295596 0.00305064 0.0509867 -0.0101134 0.0444617 0.218641 -0.0316502 -0.0117638 -0.00422024 0.0154942 -0.217499 -0.0332583 0.0323297 -0.0111184 -0.114155 -0.00412028 -0.0093119 -0.000596059 -0.0123776 -0.00185338
internal_weight=1335 1301 1281 1242 1219 1197 1173 1151 1126 1106 1074 1042 246 216 171 52 119 796 763 99 45 79 51 739 47 692 671 621 596 565
internal_count=1335 1301 1281 1242 1219 1197 1173 1151 1126 1106 1074 1042 246 216 171 52 119 796 763 99 45 79 51 739 47 692 671 621 596 565
is_linear=0
shrinkage=0.1


Tree=98
num_leaves=31
num_cat=0
split_feature=1 11 8 2 5 9 6 6 3 0 1 10 5 11 11 3 8 4 2 0 3 3 3 3 3 3 5 11 6 5
split_gain=372.424 708.53 2356.27 844.295 649.628 187.634 1945.38 247.104 179.693 134.468 309.838 274.333 181.892 123.553 117.187 93.488 87.962 59.4795 147.216 59.1675 69.7775 56.3997 148.194 120.496 154.769 145.619 56.2011 187.315 71.3417 137.635
threshold=1121.3200000000004 13751650000.000002 1.5000000000000002 814.47000000000014 802.19500000000005 2013.5000000000002 417.95500000000004 763.10000000000014 7891360.0000000009 683.35500000000013 669.23500000000013 11399600000.000002 655.16000000000008 10048500000.000002 2136240000.0000002 10832000.000000002 9.5000000000000018 223.62000000000003 226.23500000000004 234.87500000000003 19355450.000000004 13341150.000000002 12134500.000000002 15908750.000000002 15176600.000000002 16921350.000000004 592.1450000000001 8074555000.000001 582.5250000000002 574.0100000000001
decision_type=2 2 2 2 2 2 2 2 2 2 2 2 2 2 2 2 2 2 2 2 2 2 2 2 2 2 2 2 2 2
left_child=1 3 -3 4 5 6 14 8 -7 10 12 -11 13 15 16 -10 -1 -17 -19 20 -20 22 -21 24 -23 -25 28 -28 29 -27
right_child=-2 2 -4 -5 -6 7 -8 -9 9 11 -12 -13 -14 -15 -16 17 -18 18 19 21 -22 23 -24 25 -26 26 27 -29 -30 -31
leaf_value=-0.037076332803201127 0.40803648016669536 0.44505266547203065 -0.97609447900738044 0.51458989456295967 -0.55712132908049083 -0.30162097319960596 0.93555714488029484 -0.34356045235287058 0.16079960717686587 0.42377174713394861 -0.36178811937570576 -0.060408021330833443 0.27984111645947335 -0.25071379311382769 -0.23337893366813658 0.14600800251960755 0.18043828399285028 -0.2143135851577801 -0.012145396499406725 0.047619923310620448 0.24884537369012835 0.020040615934592027 -0.29101494997739791 -0.26038170586461606 0.36219404190778737 -0.018588261596414305 0.3390397717803717 -0.020125763047978563 -0.18752195290897206 0.23161115879597874
leaf_weight=97 22 20 28 32 21 20 24 22 35 22 24 25 23 20 25 25 23 34 21 28 20 39 24 23 20 499 20 53 23 23
leaf_count=97 22 20 28 32 21 20 24 22 35 22 24 25 23 20 25 25 23 34 21 28 20 39 24 23 20 499 20 53 23 23
internal_value=-4.21188e-10 -0.00683686 -0.38395 0.00747256 -0.00568864 0.00386589 0.101613 -0.0119723 -0.00482741 0.00110253 -0.00703264 0.166229 0.00212234 -0.00492015 -0.0364193 0.000621987 0.00461397 -0.00595808 -0.010552 -0.00181566 0.115167 -0.00819372 -0.108673 -0.000729536 0.136025 -0.0133169 -0.00412194 0.0782758 -0.0151587 -0.00756415
internal_weight=1335 1313 48 1265 1233 1212 169 1043 1021 1001 954 47 930 907 145 887 120 852 827 793 41 752 52 700 59 641 618 73 545 522
internal_count=1335 1313 48 1265 1233 1212 169 1043 1021 1001 954 47 930 907 145 887 120 852 827 793 41 752 52 700 59 641 618 73 545 522
is_linear=0
shrinkage=0.1


Tree=99
num_leaves=31
num_cat=0
split_feature=10 0 6 5 6 7 5 3 5 2 4 1 4 1 3 5 8 11 10 3 6 6 3 10 10 11 3 11 6 5
split_gain=394.821 1243.22 394.488 471.342 408.852 1208.64 590.245 640.529 107.259 136.412 187.231 100.181 106.924 215.915 350.97 279.034 142.74 102.558 63.9654 55.9697 56.9664 171.176 200.558 124.141 230.443 227.168 137.389 122.46 102.347 77.1702
threshold=16041550000.000002 930.77500000000009 885.95000000000016 822.93500000000006 735.49000000000012 4.5000000000000009 676.81500000000017 75410450.000000015 663.55500000000018 652.45000000000016 646.08000000000004 642.21500000000015 583.67000000000007 500.52000000000004 19767000.000000004 574.0100000000001 6.5000000000000009 9667365000.0000019 7142545000.000001 96081100.000000015 447.98500000000007 460.96500000000009 49955150.000000007 5763730000.000001 6272880000.000001 5362165000.000001 55006650.000000007 5132765000.000001 425.07000000000005 374.63000000000005
decision_type=2 2 2 2 2 2 2 2 2 2 2 2 2 2 2 2 2 2 2 2 2 2 2 2 2 2 2 2 2 2
left_child=1 2 3 4 6 -6 8 -8 9 10 11 12 13 19 -15 18 -14 -18 -16 20 23 22 -22 25 -25 26 27 29 -26 -1
right_child=-2 -3 -4 -5 5 -7 7 -9 -10 -11 -12 -13 16 14 15 -17 17 -19 -20 -21 21 -23 -24 24 28 -27 -28 -29 -30 -31
leaf_value=0.0041473689592130469 0.33143390348979407 -0.79125629469752312 0.38148680174792254 -0.40330825920762686 0.63118350097111298 -0.31470611881126059 -0.76660921289807282 0.02413606345653534 0.2349048173427582 0.26003022298216821 -0.29228431094776502 0.20887882981611339 -0.27934317852060003 0.52551991492509842 0.021114503294229509 0.29170624184068938 0.038678957572714855 -0.19267236791827061 -0.22341318039790445 0.14723737518424573 -0.45995369054377078 0.061291503827822835 -0.017480089834758215 0.320292267552577 -0.085399770941220088 -0.24230562793307528 -0.25471100509166716 0.24273636419148673 0.12979980414876571 -0.1961969292163849
leaf_weight=497 35 20 27 29 35 22 21 20 20 20 22 23 30 20 20 29 66 27 23 23 20 38 21 32 51 43 21 21 39 20
leaf_count=497 35 20 27 29 35 22 21 20 20 20 22 23 30 20 20 29 66 27 23 23 20 38 21 32 51 43 21 21 39 20
internal_value=-1.66034e-10 -0.00892322 0.00330073 -0.00484853 0.0045921 0.266103 -0.00818094 -0.38088 0.0053898 0.00123944 -0.0035265 0.00244405 -0.00211695 0.00961427 0.154931 0.0519898 -0.0896719 -0.0284876 -0.109679 -0.00657115 -0.0109766 -0.0916086 -0.233321 -0.00217838 0.0898046 -0.0208194 -0.00378205 0.00601258 0.00785338 -0.00360289
internal_weight=1335 1300 1280 1253 1224 57 1167 41 1126 1106 1086 1064 1041 918 92 72 123 93 43 826 803 79 41 724 122 602 559 538 90 517
internal_count=1335 1300 1280 1253 1224 57 1167 41 1126 1106 1086 1064 1041 918 92 72 123 93 43 826 803 79 41 724 122 602 559 538 90 517
is_linear=0
shrinkage=0.1


end of trees

feature_importances:
High=539
Low=395
Close_lag3=352
Volume=336
Close_lag2=294
month=245
MarketCap_lag1=200
MarketCap=199
Open=167
Close_lag1=134
day_of_week=134
year=5

parameters:
[boosting: gbdt]
[objective: regression]
[metric: l2]
[tree_learner: serial]
[device_type: cpu]
[data_sample_strategy: bagging]
[data: ]
[valid: ]
[num_iterations: 100]
[learning_rate: 0.1]
[num_leaves: 31]
[num_threads: 1]
[seed: 0]
[deterministic: 0]
[force_col_wise: 0]
[force_row_wise: 0]
[histogram_pool_size: -1]
[max_depth: -1]
[min_data_in_leaf: 20]
[min_sum_hessian_in_leaf: 0.001]
[bagging_fraction: 1]
[pos_bagging_fraction: 1]
[neg_bagging_fraction: 1]
[bagging_freq: 0]
[bagging_seed: 3]
[bagging_by_query: 0]
[feature_fraction: 1]
[feature_fraction_bynode: 1]
[feature_fraction_seed: 2]
[extra_trees: 0]
[extra_seed: 6]
[early_stopping_round: 0]
[early_stopping_min_delta: 0]
[first_metric_only: 0]
[max_delta_step: 0]
[lambda_l1: 0]
[lambda_l2: 0]
[linear_lambda: 0]
[min_gain_to_split: 0]
[drop_rate: 0.1]
[max_drop: 50]
[skip_drop: 0.5]
[xgboost_dart_mode: 0]
[uniform_drop: 0]
[drop_seed: 4]
[top_rate: 0.2]
[other_rate: 0.1]
[min_data_per_group: 100]
[max_cat_threshold: 32]
[cat_l2: 10]
[cat_smooth: 10]
[max_cat_to_onehot: 4]
[top_k: 20]
[monotone_constraints: ]
[monotone_constraints_method: basic]
[monotone_penalty: 0]
[feature_contri: ]
[forcedsplits_filename: ]
[refit_decay_rate: 0.9]
[cegb_tradeoff: 1]
[cegb_penalty_split: 0]
[cegb_penalty_feature_lazy: ]
[cegb_penalty_feature_coupled: ]
[path_smooth: 0]
[interaction_constraints: ]
[verbosity: 1]
[saved_feature_importance_type: 0]
[use_quantized_grad: 0]
[num_grad_quant_bins: 4]
[quant_train_renew_leaf: 0]
[stochastic_rounding: 1]
[linear_tree: 0]
[max_bin: 255]
[max_bin_by_feature: ]
[min_data_in_bin: 3]
[bin_construct_sample_cnt: 200000]
[data_random_seed: 1]
[is_enable_sparse: 1]
[enable_bundle: 1]
[use_missing: 1]
[zero_as_missing: 0]
[feature_pre_filter: 1]
[pre_partition: 0]
[two_round: 0]
[header: 0]
[label_column: ]
[weight_column: ]
[group_column: ]
[ignore_column: ]
[categorical_feature: ]
[forcedbins_filename: ]
[precise_float_parser: 0]
[parser_config_file: ]
[objective_seed: 5]
[num_class: 1]
[is_unbalance: 0]
[scale_pos_weight: 1]
[sigmoid: 1]
[boost_from_average: 1]
[reg_sqrt: 0]
[alpha: 0.9]
[fair_c: 1]
[poisson_max_delta_step: 0.7]
[tweedie_variance_power: 1.5]
[lambdarank_truncation_level: 30]
[lambdarank_norm: 1]
[label_gain: ]
[lambdarank_position_bias_regularization: 0]
[eval_at: ]
[multi_error_top_k: 1]
[auc_mu_weights: ]
[num_machines: 1]
[local_listen_port: 12400]
[time_out: 120]
[machine_list_filename: ]
[machines: ]
[gpu_platform_id: -1]
[gpu_device_id: -1]
[gpu_use_dp: 0]
[num_gpu: 1]

end of parameters

pandas_categorical:[]
